"","1983","1984","1985","1986","1987","1988","1989","1990","1991","1992","1993","1994","1995","1996","1997","1998","1999","2000","2001","2002","2003","2004","2005","2006","2007","2008","2009","2010","2011","2012","2013","2014","2015","2016"
"1-Jan",0,0,-999,-999,0,0,-999,6.30733966827393,15.1904029846191,0,1.39147186279297,0,0,0,0,1.00865626335144,0,0,0,0,0,0,0,0,0,0,0,5.38611125946045,0,0,0.295880019664764,0,0,0
"2-Jan",0,0,0,0,0,0,-999,-999,2.97449517250061,0,3.97452354431152,0,0,0,0,5.50604391098022,2.2910053730011,0,0,0,0.25968137383461,0.590284526348114,0,1.96462321281433,1.11716556549072,0,0,0.591436862945557,0,0,0,0,0,0
"3-Jan",0,0,-999,0,0,0,-999,-999,0,0,1.95933330059052,0,4.35097646713257,0,0,11.2289581298828,0,0,0,0,0,3.29413795471191,0,1.98518693447113,21.1072692871094,0,0,0.684154391288757,0,0,0,0,0,7.05645942687988
"4-Jan",-999,0,0,0,7.93661499023438,-999,-999,0,0,0,0,-999,0,0,0,-999,0,0,0,2.93180274963379,0,1.98467004299164,0,0,26.6606407165527,0,0,5.07916688919067,0,0,0,0,0,14.2615814208984
"5-Jan",-999,0,0,0,6.06782150268555,0,0,0,0,0,0,0,0,0,0,5.13320446014404,0,0,25.1549034118652,0.255047202110291,0,0,0,0,0,0,0,0,0,0,0,0,0,0
"6-Jan",-999,0,0,0,0,0,4.99354887008667,0,0,0,2.18957352638245,0,0,1.99514007568359,0,28.6166667938232,0,0,13.9460716247559,0.988674998283386,0,1.15382039546967,0,0,0,0,0,0,0,0,0,0,0,0
"7-Jan",-999,0,-999,0,0,0,0.441185712814331,0,0,2.8859486579895,30.9934158325195,0,0,0,0.974515020847321,5.8422737121582,0,0,0.390532344579697,0,0,0.233264058828354,0,0,0,0,0,0.981445908546448,0,0,0,0,0,0
"8-Jan",-999,0,-999,0,0,0,0,0,0,0,5.48062229156494,0,0,0,0,8.21738719940186,0,0,0,0,0,0,0,0,0,0,0,0.23524372279644,0,0,0,0,0,0
"9-Jan",-999,0,0,0,0,0,0,0,0,0,0,0,0,0,0,6.17047691345215,0,0,-999,0,0,0,0,0,0,0,0,2.32698678970337,0,0,0,0,0,0
"10-Jan",0,1.02962231636047,0,-999,0,0,0,0,0,0,2.18816614151001,0,0,0,0,1.2729229927063,17.5839004516602,0,6.11943244934082,0,0,0,0,0,0,0,0,5.86865472793579,0,0,0,0,0,0
"11-Jan",0,-999,0,0,0,0,0,0,0,0,0.205522790551186,0,0,0,0,14.1058073043823,0,0,6.88840293884277,4.90385675430298,0,0,0,0,0,0,0,0,0,0,0,0,0,0.349937170743942
"12-Jan",0,0,-999,0,0,0,0,0,0,0,7.17845726013184,0,7.0835862159729,3.91421103477478,0,14.8054542541504,0,0,0,0,0,0,0,0,0,0,0,0,0,0,0,0,0,0
"13-Jan",0,0,-999,0,0,0,0,0,0,0,18.9024047851562,0,0,0,0,6.22342729568481,0,0,0.687355756759644,0.307416677474976,0,0.222197905182838,0,0,0,8.81861877441406,0,0,0,0,0,0,0,0
"14-Jan",0,0,0,0,0,0,0,-999,0,0,6.44309139251709,0,0,0,0,0,0,0,0,14.7453393936157,0,5.94999074935913,0,0,0,0.976659893989563,0,0,0,0,0.657501876354218,0,0,0
"15-Jan",0,0,0,0,0,0,0.414757072925568,0,0,2.99178791046143,0,0,0,0,0,0,0,0,0,1.06056499481201,0,0.743948757648468,0,0,7.80966091156006,10.0018291473389,0.42852908372879,0,0,0,6.39339780807495,0,0,0.927574694156647
"16-Jan",-999,0,-999,0,0,0,1.07994151115417,0,0,0.620126843452454,1.00418972969055,0,0,0,0,0.498764544725418,0.586768925189972,0,0,0,0,8.96406173706055,0,0,9.78878688812256,7.93723440170288,16.8741779327393,0,0,0,0.832131505012512,0,0,0
"17-Jan",-999,0,0,0,0,0,1.29183959960938,0,0,0,10.298095703125,0.31553640961647,0,1.94742166996002,0,0,0,0,0,0,0,0,0,0,0,13.8680067062378,0,0,0,0,0,0,0,0
"18-Jan",-999,0,0,0,0,0.338424384593964,0,0,0,0,17.7900524139404,0,0,0,0,0,0,0,0,0,0,0,0,0,0,12.0400791168213,0,0,0,0,0,0,0,13.1852350234985
"19-Jan",-999,0,-999,0,0,0,7.0756630897522,0,0,0,0,0,0,0,0,0,0,0,0,0,0,0,0,0,0,12.9042634963989,0,0,0,0,0,0,0,1.287837266922
"20-Jan",-999,0,0,0,0,0,0,4.90909576416016,0,0,4.79156160354614,0,0,0,0,0.305240362882614,0,0,0,0,0,0,0,8.94777297973633,0,1.08884334564209,0,0,0,0,0,0,0,6.02948427200317
"21-Jan",-999,0,0,0,0,0,17.5336742401123,4.96168041229248,0,0,-999,0,0,22.7026271820068,0,0,-999,0,2.17398476600647,0,0,0,0,0.579282939434052,0,0,0,0,0.29187199473381,0,0,0,0,0
"22-Jan",-999,0,0,-999,0,0,12.7439413070679,0,-999,0,0,0,0,16.8226375579834,0,0,0,0,0.698366463184357,0,0,0,0,0,0,0,0,0,0.778325319290161,0,0,0,0,0
"23-Jan",0,0,0,0,0,0,0.497012227773666,5.84265899658203,-999,0,0,0,0,5.87642574310303,0,0,0,0,0.370451360940933,0,0,0,0,0,0,0,0,0,4.08942842483521,0,0,0,0,0
"24-Jan",-999,0,0,-999,0,0.286390751600266,0.419366925954819,0,-999,0,0,0,0,0,0,0,0,0,8.13884162902832,0,0,0,0,0,0,0,0,0,6.83280849456787,0,0,0,0,0
"25-Jan",-999,0,0.52399092912674,0,0,0,0,0,-999,0,0,0,0,0,0,0,0,0,0,0,0,0,0,0,0,0,0,0,0,0,0,0,0,0
"26-Jan",-999,0,0,0,0,0,0,0,0,-999,0.526623487472534,0,-999,0,0,1.08245968818665,0,0,32.216926574707,0,0,-999,0,0,0,0,0,0,0,0,0,0,0,0
"27-Jan",-999,0,0,0,0,0,0,-999,0,0,5.02646636962891,0,0,0,0,6.26586532592773,0,0,0,0.975709795951843,0,-999,0,0,0,0,0.594370365142822,0,0,0,0,0,0,0
"28-Jan",-999,0,0,0,0,0,0,-999,1.0943855047226,0,-999,0,0,0,0,11.3434658050537,0,0,0,0,0,0,0,0,0,0,0,0,0,0,0,0,0,0.44496101140976
"29-Jan",0,0,0,0,0,0,0,-999,0.974544703960419,0,0,0,0,0,0,4.51121234893799,0,0,0,0,0,2.10648369789124,0.318043768405914,0,0,0,0,0,0,0,0,0,0,0.211984246969223
"30-Jan",-999,0,0.228374227881432,0,0,0,0,0,0,0,-999,0,0,0,0,0,0,0,0,0,0,0,0.910216510295868,0,0,0,0,0,0,0,7.8777003288269,0,0,0
"31-Jan",-999,0,0,0,0,0,-999,0,-999,0,0.530968964099884,0,0,0,0,0,0,0,0,0,0,0,0,0,0,0,0,0,0,0,4.94359636306763,0,0,0
"1-Feb",0,0,0,0,0,0,-999,0,0,0,9.77554893493652,0,0,0,0,0,0,0,0,0,0,0.495493173599243,0,0,0,0,0,0,0,0,0,0,0,0
"2-Feb",0.405244261026382,0,0,0,0,0,0,-999,0,0,0,0,0,0,0,0,0,0,0,0,0,0.538759350776672,0,0.971472144126892,0,0,0,0,0,0,0,0,0,0
"3-Feb",0.576749086380005,0,0,0,0,0.325942695140839,0,-999,0,0,0,0,0,0,0,0,0,0,0,0,0,0.231772422790527,0,0.295633047819138,0,0,0,0,0,0,0,0,0,0
"4-Feb",0,0,0,0,0,0,0.263199418783188,-999,0,0,0,0,0,0,0,0,0,0,0,0,0,0,0,0,0,0,0,0,0,0,0,0,0,0
"5-Feb",0,0,-999,0,0,0,0.212509781122208,-999,0,0,0,0,0,0,0,0,0,0,0,0,0,0,0,0,0,0,0,20.7744483947754,0,0,0,0,0,0
"6-Feb",0,0,46.4000015258789,0,0.421291768550873,0,0.218884170055389,-999,0,0,8.01279640197754,-999,0,0,0,0,0,0,0,0,0,0,0,0,0,0,0,7.84820222854614,0,0,0,0,0,0
"7-Feb",0,-999,3.94012117385864,0,0,0,0,-999,0,3.9818902015686,0,0,0,0,0,0,0,0,0,0,0,0,0,0,0,0.362796366214752,0,1.9610230922699,0,0,0,0.625643789768219,0,0
"8-Feb",0,0,1.94916534423828,0,0,0,0.222252532839775,-999,0,0,4.39465045928955,0,0,0.996857166290283,0,0,0,0,0,0,0,1.9153493642807,0,0,0,0,0,0,0,0,0,8.19898128509521,0,0
"9-Feb",0,0,-999,0,0,0,0.401436686515808,-999,0,0,34.9902381896973,0,10.1802291870117,0,0,0.328738659620285,0,0,0,0,0,2.1295154094696,0,0,0,0,0,0,0,0,0,0,0,2.19408655166626
"10-Feb",0,0,2.10891056060791,-999,0,0,0,-999,0,0,4.65126466751099,0,1.03520894050598,0,0,1.10285246372223,0,0,0,0,0.388305097818375,0,0,0,0,0,1.07330322265625,0,0,0,0,0.483465224504471,0,0
"11-Feb",-999,0,0.221057891845703,0,0,0,0,-999,0,0,42.2921333312988,0,0,0,0,54.3395881652832,0,0,0,0,0,0.975257873535156,0,0,0,0,0,0,0,0,0,5.89696407318115,0,0
"12-Feb",3.28887128829956,0,0,0,0,0,0,-999,0,0,25.5803565979004,0,14.6620187759399,0,0,74.4118194580078,0,0,0,0,0,0,0,0,0,0,0,20.8781566619873,0,0,0,0.981369614601135,0,0
"13-Feb",0.201070800423622,0,0,0,0,0,0,-999,0,0,0,0.604023694992065,11.6969480514526,0.223557978868484,0,8.78148555755615,0,0,0,0,0,0,0,0,0,0,0,20.6862602233887,2.10669779777527,0,0,0,0,0
"14-Feb",3.27916646003723,-999,-999,0,0,0,0,-999,-999,0,0.419064909219742,0.214900061488152,29.5329475402832,0,0,5.9545464515686,0,0,0,0,0,0,1.04808664321899,0,0,0,0,0,0,0,0,0.343721181154251,0,0
"15-Feb",-999,-999,0,0,0,0,0,-999,0,0,-999,0,0,0,0,4.14827728271484,2.91872000694275,0,0,0,0,0,0,0,0,0,0,0,14.1244697570801,3.04352331161499,0,0,7.38168048858643,0
"16-Feb",0.240456476807594,0,-999,0,0,0,0,-999,0,0,0,0,0,0,0,0,4.93140363693237,0,0,0,0,41.8550491333008,0,0,0,0,0,1.29148507118225,0.444945454597473,0,0,27.3619251251221,3.08144736289978,0
"17-Feb",0,0,0,0,0,0,0,0,0,0,-999,0,0,0,0,0,0.973368525505066,0,0,0,0,0,0,0,0,0,0,0,0,2.00104522705078,0,0,0,0
"18-Feb",-999,0,0,-999,0,0,0,0.224059596657753,0,0,-999,0,0,12.8458995819092,0,0,0,0,0,0,0,0,0,0,0,0,0,0.225644752383232,0,0,0,0,0,0
"19-Feb",0,0,0.884981870651245,0,0,0,0,0,0,0,0,0,0,0,0,13.6361970901489,0,4.66319274902344,0,0,0,0,0,0,0,0,0,1.41890704631805,0,0,0,0,0,0
"20-Feb",12.7695789337158,0,-999,0,0.49619996547699,0,-999,0.51858526468277,0,0,3.90452075004578,0,0,0,0,0,0,0,0,0,0,0,0,0,0,0,0,0,0,0,0,0,0,0
"21-Feb",0,0,-999,0,-999,3.04498529434204,13.809211730957,0.520941853523254,0,0,0,0,0,0,0,1.03062915802002,0,0,0,0,0,0,0,0,0,0,0,0.406231552362442,0,0,0,0,0,0
"22-Feb",0,0,0,0,0,0.989167451858521,0,0.440660983324051,0,0,0,0,0,0,0,0,0,0,0,1.00183200836182,0,1.05370891094208,0,0,0,0,0,0,0,0,0,0,0,0
"23-Feb",0,0,-999,0,0,0,0,6.04800415039062,0,0,0,0,0,0,0,0,0,0,1.96607232093811,11.776668548584,0,0,0,0,0,0,8.85345268249512,0,0,0,0,0,0,0
"24-Feb",0,0,-999,0,0,0,0,0,0,0,0,0,0,0,0,0,0,0,0,0,0,0,0,0,0,0,0,0,0,0,0,0,0,0
"25-Feb",0,0,-999,-999,0,0,0,-999,0,0,5.87302589416504,0,0,0,0,0,0,0,0,3.93013310432434,0,0,0,0,0,0,0,0,0,0,0,0,0,0
"26-Feb",0,0,0,0,0,0,0,-999,0,0,0,0,0,0,0,0,0,0,0,0,0,0,0,22.6805744171143,0,0,1.00432109832764,2.7112021446228,0,0,0,0,0,0
"27-Feb",0,0,-999,0,0,0,0,-999,0,0,0,0,0,0,0,0,0,0,-999,0,0,0,0,0.529665052890778,0,0,0,23.4483051300049,0,5.85816383361816,0,0,0,0
"28-Feb",0,0,0,0,0.972604691982269,0,0,-999,0,0,0,0,0,0.973006367683411,0,0,0,0,0,0,0,0,16.4892387390137,0.544022083282471,0,0,0,16.9996662139893,0,0,0,0,0,3.95576786994934
"29-Feb",,0,,,,0,,,,0,,,,0,,,,0,,,,0,,,,0,,,,0,,,,0
"1-Mar",0,0,0,0,0,0,0,-999,0,0,0,0,0,0,0,0,0,0,0,0,0,0,0,0,0,0,0,2.01094579696655,0,0,0,0,0,8.96440601348877
"2-Mar",0,5.93226337432861,0,0,0,0,0,-999,0,0,0,0,0,0.322356104850769,0,0,0,11.7971162796021,0,7.86223030090332,0,0,0,10.897855758667,0,0,0,2.09760022163391,0,4.94440269470215,0,0,0,0
"3-Mar",0,0,0,0,0,0,0,0,0,0,0,0,67.7740707397461,0,0,0,9.72906684875488,0,0,11.2246932983398,0,0,0,18.8855228424072,0,0,0,2.0161349773407,0,0,0,0,0,0
"4-Mar",0,0,0,0,0,1.982253074646,0,0,0,0,0,0,21.3713855743408,0,0,0,0,0,0,0.985205113887787,0,0,0,0,0,0.430267721414566,0,0,0,0,0,0,0,0
"5-Mar",0,0,-999,0,-999,16.5833415985107,0.279422551393509,0,0,0,0,0,0,13.0052480697632,0,-999,0,0,1.99506342411041,0.317884773015976,0,0,0,0,0,5.86911106109619,0,12.6868047714233,0,0,0,21.64892578125,0,0
"6-Mar",0,0,-999,-999,0,0,0,6.90997409820557,0,0,0,0,7.80056047439575,0,0,0,0,0,0.95035320520401,0,0,0,0,0,0,0,0,7.84618473052979,0,0.233823031187057,0,0,0,0.819460690021515
"7-Mar",0,0,0.593597114086151,42.0722465515137,0,0,-999,11.0673084259033,0,0,0,0,8.14370822906494,0,0,0,0,0,0,0,0,0,0,0,0,1.98349630832672,0,11.1397714614868,0,0,0,0,0,5.85741996765137
"8-Mar",0,0,0,0,0,0,0,0.758844614028931,0,0,0,0,0,0,0,0.504805207252502,0,0,0,0,0,0,0,0,0,5.8805947303772,0,4.05504703521729,0,0,0,0,0,1.25287580490112
"9-Mar",0,0,0,0,0,0,0,2.43751668930054,0,0,49.8230133056641,-999,13.7114934921265,0,0,0,0,0,0,0,0,0,0,0,0,0,0,10.1403007507324,0,0,0,0,0,26.6976928710938
"10-Mar",0,0,0,0.815818428993225,0,0,0,0,1.04086458683014,0,14.5932579040527,0,2.92294049263,0,0,0,30.5045280456543,0,0,6.99055624008179,0,0,0,0,0,0,0,0,0,0,0,0,0,
"11-Mar",0,0,0,0,-999,0,0,0,11.7180709838867,0,0,0,2.02605056762695,12.7158861160278,0,0,1.19732320308685,0,0,3.23834347724915,0,1.22520232200623,0,0,0.279013305902481,0,0,0,0,0,0,0,0,0.39043989777565
"12-Mar",0,0,0,0,0,0,0,4.91537666320801,0,0,0,0,0,0,0,0,3.32502555847168,0,19.4802150726318,1.04596352577209,0,26.2814178466797,0,0,0,0,0,0,0,0,0,30.4061985015869,0,0
"13-Mar",0,0,0,0,0,0,23.6063137054443,0,29.6505146026611,0,3.8833589553833,0,0,3.88570809364319,0,0,3.85783314704895,0,0,2.94513964653015,0,0,2.97307705879211,3.89431858062744,0,0,0,0,0,0,0.799009084701538,117.426475524902,0,0
"14-Mar",0,0,0,0,-999,0,0.939373075962067,9.15306282043457,0,0,0,0,0,0,0,0,13.8552837371826,0,0,0.7600998878479,0,0,0,0,0,0.802247643470764,0,0,0,0,2.98052644729614,18.080774307251,0,0
"15-Mar",0,9.74871063232422,-999,0,0,0,12.6623220443726,76.5739593505859,0,0,0,0,0,0,0,0,0.527408301830292,0,0,0,0,0,0,0,0,0,0,5.97409296035767,0,0,0,0,0,0
"16-Mar",0,3.94986534118652,-999,0,0,0,0,3.94376707077026,0,0,0,0,1.00051295757294,0,0,0,0,0,0,0,0,0,0,0,0,0,0,1.03398275375366,0,0,0,0.245052918791771,0,0
"17-Mar",0,0.305090874433517,0,22.1125221252441,0.202242970466614,0,0,11.5311317443848,0,0,0,0,0,0,0,-999,0,0,0,0,0,1.9458132982254,0,0,0,0,0,0,0,0,0,4.05123472213745,0,
"18-Mar",0,0.588214933872223,0,0.40869528055191,0,4.86470937728882,32.1150016784668,18.6742782592773,0,0,0,0,0,0,0,0,0,0,0,0,0,0.972906649112701,0,0,0,0,0,0,31.5388069152832,0,15.6211271286011,0,0,
"19-Mar",0,0,0,0,0,0.996333420276642,2.92613887786865,7.02706146240234,0,0,10.7610597610474,0,0,0,0,8.7690544128418,0,0.976772904396057,0,17.3361396789551,0,0,0,0,14.2551956176758,0.457347750663757,0,1.95510256290436,7.19398069381714,0,16.6756744384766,0,0,
"20-Mar",0,0,0,0,0,3.33075165748596,5.16327047348022,0,0,0,1.95254051685333,0,0,19.876277923584,0,25.8261585235596,0,0,0,20.2200393676758,0,0,1.95612406730652,0,0.304686933755875,0.79169362783432,0,13.1013402938843,0,0,2.94746446609497,0,0,
"21-Mar",0,0,0,7.88057899475098,0,64.3857574462891,9.12507247924805,7.00014495849609,0,0,0,0,0,2.9656286239624,0,84.2059631347656,0,0,0,0,0,0,6.82322120666504,0,0,2.96061158180237,0,0,0,0,14.6475114822388,0,0,
"22-Mar",0,0,2.982750415802,1.97830760478973,0,5.96092557907104,7.99755096435547,5.94189262390137,0,0,0,0,2.04902696609497,2.23370003700256,0,1.17078518867493,0,0,0,0,0,0,0.252309232950211,0,0,0.470389515161514,0,0,0,0,1.22633326053619,0,28.472354888916,
"23-Mar",0,0,17.8347244262695,0,0,0,0,29.2631778717041,0,0,0,0,11.6884927749634,22.0917434692383,0,6.82552433013916,3.89162659645081,0,5.10945749282837,3.89210915565491,25.6076354980469,0,4.87433481216431,0,0,0,0,0.882513999938965,0,0,0,4.31149101257324,20.8916473388672,
"24-Mar",0,0,2.98558378219604,0,0,7.03698110580444,4.90561103820801,2.05050706863403,0,16.5542869567871,0,32.1183738708496,0.418918401002884,0,13.6044101715088,3.92596483230591,0,0,16.0498580932617,0,0.978261172771454,0,0.405623465776443,0,1.01423728466034,10.9880228042603,0,37.3584365844727,0,0,0,36.2107467651367,0,
"25-Mar",0,0,42.00146484375,0,0,29.0202121734619,0,0,0,0,0,0,1.25607144832611,0,22.5030288696289,5.0886344909668,2.02547216415405,0,0.260920971632004,0,8.98497104644775,0,0,0.990767657756805,25.5289630889893,1.00473809242249,0,3.91871309280396,2.93713855743408,0,0,12.4452667236328,3.20638942718506,
"26-Mar",0,1.96184170246124,0.208154752850533,0,0,0,0,0,0,0,0,1.01313447952271,0,0,1.03584289550781,2.98989963531494,4.18516540527344,0,25.5091552734375,6.84568691253662,0.2961305975914,0.30645227432251,0,0,1.0200035572052,30.2592964172363,0,0,0,0,1.168612241745,0,0.39728844165802,
"27-Mar",26.4099159240723,1.9709165096283,-999,2.9339587688446,0,2.94386982917786,0,0,13.1575002670288,0,-999,8.85640525817871,0,32.1095199584961,0,0,0,0,22.5284271240234,1.94786977767944,0,37.0956115722656,0,0,0,2.404620885849,0.788990378379822,0,0,0,0,0,3.90322732925415,
"28-Mar",0,0,5.02364730834961,0,0,8.92382621765137,0.205117642879486,0.52614814043045,11.15149974823,0,0,6.83271837234497,0,0,0.972906649112701,6.26521444320679,0,0,6.86882972717285,0,0,0,0,0,4.89074802398682,40.3278427124023,25.5500469207764,3.12486743927002,0,0,3.10950398445129,0,2.09446811676025,
"29-Mar",0,0,36.2621841430664,0,0,-999,0,2.02476787567139,4.61734914779663,0,0,0.593339323997498,3.8996946811676,24.4101505279541,2.01151919364929,0,0,0,0,0,8.75945854187012,0,0,23.4230861663818,17.7504444122314,39.1056632995605,6.97144174575806,2.02850103378296,0.847726583480835,0,0.976364016532898,0,3.97579050064087,
"30-Mar",-999,0,-999,3.900710105896,0,0,0,1.23098874092102,1.0827225446701,0,0,0,6.82140350341797,0,52.0184860229492,0,8.80964851379395,0,3.62468695640564,0,1.00809407234192,0,0,13.7152156829834,1.05296528339386,0,1.08064866065979,0,1.99059927463531,0,12.3718109130859,0,0,
"31-Mar",0.393143385648727,0,-999,2.15508055686951,0,0,1.96038711071014,23.6161766052246,2.93026947975159,11.6752443313599,0,0,0,0,0.201550081372261,0,1.99990451335907,0,8.28962802886963,6.81555366516113,2.94613099098206,0.474439322948456,0,0,0.883212804794312,0,0,6.73330020904541,0,0,0.577203094959259,0,0,
"1-Apr",0,0,34.2158164978027,0,0,0,1.98515832424164,2.28674030303955,0,0,0.509690046310425,-999,0,30.3029232025146,0,0,0,0,14.7071161270142,5.42249393463135,0,1.9811075925827,0,3.90336275100708,0,0,1.9580751657486,4.98015785217285,0,0,28.6069221496582,0,0,
"2-Apr",0,0,3.93565821647644,0,0,58.4225006103516,1.08125352859497,2.28439784049988,2.95112466812134,0,0,0,0,105.241027832031,0,4.87744760513306,0,0,0,0,0,7.88495826721191,0,0,0,0,0,76.7582473754883,0,8.78654003143311,3.07845163345337,0,30.2729606628418,
"3-Apr",0,29.2533740997314,3.90452075004578,0.687445998191833,0,24.3138561248779,6.05302906036377,-999,29.5101680755615,31.4756774902344,0,0.588187754154205,0,0,20.4322509765625,27.3921604156494,4.15479755401611,0,0,8.75615978240967,0.509233117103577,18.7920398712158,0,22.7109680175781,0,0,0,3.28037214279175,12.7084255218506,0.328501343727112,0,0,25.5868301391602,
"4-Apr",0,0.682278573513031,-999,1.27452158927917,0,2.28281188011169,8.02124118804932,1.01848971843719,21.6146755218506,0,0,12.6647691726685,0,0,0.425317883491516,0,0.699903786182404,0,40.8457679748535,0,0,0,7.81015920639038,2.8385443687439,0,0,0,0,0,1.58812689781189,0,1.97439670562744,6.08069133758545,
"5-Apr",0,0.496891260147095,0,1.012824177742,0,1.96962416172028,-999,8.25121784210205,0.728297114372253,0,0,0,6.81690645217896,1.05688202381134,18.7403697967529,0,0,23.5981750488281,19.5565490722656,0,0,3.8690881729126,7.82142877578735,5.98551368713379,3.10709428787231,0,0.658401250839233,0.303972721099854,0,6.84806871414185,6.91810655593872,2.94310736656189,16.8210124969482,
"6-Apr",0,0.489171653985977,4.01025867462158,7.09034395217896,52.8909530639648,2.01279306411743,-999,19.5933799743652,0.201333284378052,9.9840145111084,0,16.5539665222168,-999,46.7440605163574,6.04442644119263,7.84862279891968,2.90300679206848,0,24.3573188781738,18.5254459381104,0,0,1.09602355957031,15.8199481964111,0,0,20.6407661437988,1.95993304252625,0,4.90577030181885,13.0070114135742,0,0.984551191329956,
"7-Apr",0,0,24.5063552856445,-999,44.4128913879395,2.55540251731873,35.2249526977539,2.04358863830566,3.93330144882202,0.34286904335022,12.7962551116943,88.1737747192383,1.08391785621643,4.11576128005981,1.40169775485992,0,0,20.1265525817871,10.2514047622681,2.91872000694275,0,8.71070766448975,0,29.1714096069336,0,0.390301376581192,0,11.8450946807861,1.95173990726471,0.975850760936737,7.14307022094727,8.13701343536377,0.218743145465851,
"8-Apr",-999,0,0,8.81589889526367,1.31712687015533,5.26605939865112,0,1.04346239566803,0,29.4962100982666,0,0,0,5.90842580795288,14.9010667800903,2.25715208053589,13.8509588241577,7.84102725982666,0.715276896953583,1.1178160905838,0,0,4.01696157455444,6.11763191223145,0.220171630382538,0,0,0,0,7.81086158752441,14.9574565887451,0,7.32770919799805,
"9-Apr",0.389934182167053,0,0,0.431426107883453,0,9.86222171783447,30.4101715087891,1.37197625637054,0,25.5177173614502,0.997875273227692,1.0688943862915,13.6290197372437,3.00657320022583,3.1109607219696,22.733470916748,0,6.3329381942749,0.234877333045006,0,0,2.98689961433411,0,17.7183952331543,0,10.7909498214722,0,0,1.9516783952713,0,3.96375370025635,0,0.200639307498932,
"10-Apr",0,0.44528666138649,22.5850048065186,31.8097724914551,10.7173900604248,21.1815605163574,5.90273857116699,48.7976493835449,0,0.306359559297562,0,13.9394817352295,1.14214634895325,0,26.4951934814453,16.5779514312744,0,0,0,0,0,17.058349609375,0,1.97375845909119,11.2743330001831,17.6314086914062,0,0,12.6858615875244,0,0.547272861003876,0.453431785106659,0,
"11-Apr",0,4.93629932403564,0.288554042577744,8.94348239898682,2.92630791664124,0,2.93231630325317,46.9162101745605,3.28188037872314,8.47166061401367,1.94559288024902,7.9209246635437,1.24573600292206,5.87735748291016,20.9132022857666,0.374754369258881,0,0,0,62.4110946655273,0,0.21625392138958,0,0,24.4291553497314,6.84124279022217,1.95036470890045,2.92765665054321,0,9.76576137542725,13.0373153686523,0.988633215427399,0,
"12-Apr",6.8390040397644,0.485431671142578,0,3.93382453918457,3.22946429252625,5.15929365158081,1.02130961418152,8.78866672515869,0,0,1.94559288024902,0,0,12.6746625900269,0,0.206411272287369,0,0,0,60.6295471191406,0,28.7289752960205,0,1.95197105407715,2.27076601982117,0,2.95550131797791,6.85686540603638,0.587130010128021,36.2859764099121,19.4474925994873,20.6071720123291,0,
"13-Apr",0,0,19.8601779937744,0,19.4245986938477,4.15162038803101,0,1.00987982749939,0,0,0,0,44.9984016418457,3.89513182640076,40.625804901123,1.05132114887238,0,0,0,50.6316528320312,0.973165929317474,9.94875812530518,0,0,1.24969446659088,1.05510973930359,0,0.566119194030762,2.03206300735474,16.7567462921143,103.804756164551,14.7660150527954,0,
"14-Apr",0,0,0,18.5648193359375,5.65486335754395,0,0.782869935035706,1.96160137653351,8.05221366882324,0,20.5189743041992,2.11692452430725,0,0,3.93240094184875,0,0,0,1.81800818443298,25.2095050811768,18.6172389984131,0,0,0,0.460964500904083,0,3.11698365211487,0,24.5433235168457,0,4.98445177078247,3.28163576126099,0,
"15-Apr",0.793406903743744,0.386429995298386,0.896690487861633,3.04135632514954,2.84779047966003,0,3.90228247642517,60.8711013793945,0.855972945690155,0,0.574532091617584,2.99653315544128,0,1.01883268356323,0,0,0,0,11.1177711486816,0,10.2734422683716,0,0,0,0,0,0,4.11824369430542,14.7115430831909,10.4842596054077,11.8491191864014,1.57963037490845,0,
"16-Apr",11.9491062164307,0,0.654331803321838,2.42576670646667,0,0.769868135452271,12.8865785598755,0,0.287598580121994,0,-999,19.7542381286621,5.08654022216797,0.999583899974823,3.90785360336304,0,0,0,2.9637176990509,62.0197639465332,10.4637861251831,0,19.4910316467285,1.00192654132843,34.3235931396484,18.3924770355225,0,2.03222036361694,5.16066026687622,0.990135014057159,0,2.32749223709106,72.2938690185547,
"17-Apr",0,0.652320742607117,20.9435615539551,0.893971860408783,0,1.39113438129425,2.94062566757202,0,0,0,34.2408409118652,2.97336959838867,0,0,27.6948909759521,5.84440803527832,0,0,14.7818145751953,30.5323066711426,1.76743900775909,0,0,22.4586544036865,42.5205192565918,0.993333876132965,0,14.0334568023682,0,0,0,7.03026056289673,47.9192085266113,
"18-Apr",0.472282111644745,7.82128810882568,8.82666873931885,0.2208581417799,1.96003556251526,12.093939781189,0,6.87771081924438,1.96684229373932,2.05519413948059,19.0169582366943,36.204517364502,0,0,56.7104187011719,2.9276123046875,0,0,0,0,2.05206274986267,0,-999,11.9441785812378,27.5504169464111,1.15503621101379,8.30225372314453,0.491927355527878,1.95185089111328,0.461390912532806,7.93560743331909,0,0,
"19-Apr",0,0,24.5625743865967,0.491498291492462,47.8966064453125,8.70273399353027,-999,39.909423828125,3.90794944763184,45.2907638549805,10.8817987442017,0.212644919753075,0,0,4.96301889419556,0,0,0,5.04927253723145,33.4415054321289,36.6812705993652,0.983881533145905,0,0.213959515094757,3.04583168029785,15.8289470672607,62.3427352905273,3.93435168266296,0,0.521587073802948,0.321034789085388,0.650246143341064,0.46794068813324,
"20-Apr",0.696521818637848,0,1.00258159637451,14.8322772979736,16.720251083374,52.1947059631348,24.4953517913818,0,0,0,0,2.05758237838745,43.0178604125977,2.94141554832458,0,-999,0.974386930465698,0,0.210195496678352,13.7328090667725,4.50795602798462,0.448430866003036,0,17.7669429779053,15.7539405822754,31.5197410583496,3.9493145942688,5.04914617538452,2.95965003967285,20.5664138793945,0,0,11.8033123016357,
"21-Apr",27.122371673584,0,1.98713028430939,0.842132389545441,-999,37.5932998657227,0,0,7.82797765731812,64.3413543701172,37.1509094238281,1.48377799987793,5.23825597763062,0,1.05802643299103,6.82724237442017,0,0,14.9835329055786,12.0047979354858,9.14390563964844,8.76793956756592,0,1.95714664459229,0.797643423080444,40.4904136657715,0,0,14.4003639221191,2.99311327934265,0.503929793834686,0,22.4846038818359,
"22-Apr",29.4530963897705,0.29240483045578,21.4220485687256,0,-999,57.6991653442383,0,5.00851631164551,0,0.216623663902283,15.4922332763672,78.4274063110352,0,0,5.16199064254761,0,5.09548330307007,0,7.85807657241821,19.9351234436035,3.10241365432739,0,0,2.44200539588928,0.570605218410492,10.8137483596802,10.9101476669312,0.780713975429535,11.2708587646484,28.4777412414551,5.18419122695923,0,1.16664266586304,
"23-Apr",5.88142347335815,0,29.5884304046631,26.0260334014893,4.03613376617432,113.392936706543,9.78833103179932,71.2340545654297,0,0.389081537723541,5.09500360488892,0,0,0,39.8753204345703,2.93139791488647,2.05209994316101,0,0.304567635059357,7.93642616271973,18.8550033569336,9.91748523712158,0,5.09034872055054,0,0,0,0,2.07953286170959,17.6062984466553,0,0,44.924674987793,
"24-Apr",27.0718154907227,6.84458827972412,0,32.1676559448242,0,0.732823610305786,17.6620941162109,55.0394706726074,0,0,7.86951351165771,51.9325752258301,10.7731952667236,0,38.228874206543,0,0,0,11.7660226821899,9.12075328826904,0,0.332246571779251,0,0,1.17082595825195,8.90617942810059,0.732289135456085,0,0,25.8863849639893,0,30.2927513122559,0,
"25-Apr",-999,27.5672817230225,0,7.33430624008179,0,11.5839433670044,2.02430105209351,12.4238500595093,0.643529713153839,0.207482248544693,3.10510277748108,24.9283752441406,13.672269821167,0,8.8098669052124,15.6870775222778,0,0,2.33575177192688,28.5362892150879,0.339781284332275,0,0,2.23332691192627,27.5476493835449,0,17.9252243041992,12.9256343841553,5.95891046524048,50.2295112609863,0,0,2.93418097496033,
"26-Apr",-999,34.1681327819824,37.2144165039062,1.90803909301758,0,2.06582832336426,-999,0.708797633647919,0.242000535130501,0,0,8.08016681671143,0,0,3.39303803443909,0.602619826793671,0,0,1.94706678390503,23.4414806365967,4.86564159393311,0,0.875615954399109,1.12029302120209,3.05896687507629,3.00487208366394,5.11781597137451,3.03516936302185,12.6911697387695,25.4140586853027,0,0,54.6628570556641,
"27-Apr",-999,8.83910846710205,-999,5.26657485961914,17.6157264709473,0.556528329849243,-999,0.495321363210678,0,3.02987599372864,0,40.956974029541,0,0,0,0.212200954556465,0.975330412387848,0,1.94759857654572,6.92380952835083,70.2324371337891,0,1.14707934856415,24.4402618408203,5.89508199691772,0,0,0,99.7872009277344,24.1045780181885,4.39737367630005,0,4.04802322387695,
"28-Apr",-999,54.0141525268555,-999,54.1852035522461,1.94587314128876,8.08298969268799,-999,5.02050638198853,0,5.86859607696533,0,25.4539070129395,6.29159784317017,0,3.49409604072571,0,1.38165926933289,0,111.980628967285,59.9848899841309,42.5958595275879,0,0.905345499515533,0.603834390640259,0,0.444839537143707,0,0,23.4233207702637,0,0.259217530488968,0,38.1940307617188,
"29-Apr",-999,6.07778692245483,-999,79.9035263061523,0.972906649112701,40.381477355957,16.8234405517578,0,14.7232389450073,52.2507019042969,0,0,5.86155891418457,0,2.49112677574158,0.220496758818626,46.3311500549316,0,9.24846363067627,32.9755706787109,1.08139097690582,4.96773147583008,0,2.62469601631165,0,0,0.974765777587891,7.48199653625488,5.8566427230835,42.3000030517578,0,0,10.5035743713379,
"30-Apr",-999,0,8.3469934463501,5.677077293396,0.976352453231812,3.40655469894409,6.9516658782959,0,44.3506622314453,3.09912753105164,0,0,90.3954162597656,0,6.33093309402466,53.6044425964355,0.331726163625717,0,1.18276262283325,0.355183631181717,69.051872253418,0,0.768704652786255,4.51541090011597,0.650668680667877,0,0,0,0,9.93390655517578,1.4934344291687,0.387092471122742,1.18291807174683,
"1-May",0,4.96590614318848,8.26475143432617,-999,16.8613014221191,0.486766278743744,6.00676774978638,0,37.3151931762695,0.498006284236908,0.851243555545807,3.70590901374817,49.7136192321777,2.12769722938538,2.08864259719849,30.414478302002,0,0,0,17.2655658721924,4.03412199020386,0,0,24.6795768737793,8.97371673583984,0,1.98275864124298,0,0.320354491472244,14.0421094894409,14.0032997131348,0,14.3607797622681,
"2-May",7.90194940567017,0,23.525993347168,0.667058408260345,13.805383682251,1.16625547409058,2.01456308364868,0,20.5735340118408,52.7832641601562,3.45230221748352,8.93276691436768,7.56029272079468,4.86574506759644,6.81042718887329,5.92576217651367,0,0,0.223769396543503,21.7619552612305,20.4055862426758,1.21470665931702,0,11.8961906433105,11.7917709350586,1.95152854919434,2.0121865272522,0,0,0.577861130237579,1.00441348552704,11.8536224365234,2.90076518058777,
"3-May",21.668041229248,0,17.6078720092773,16.8615856170654,47.701602935791,6.94654607772827,0.441309124231339,0,9.19191265106201,10.5863933563232,42.9045448303223,19.4925956726074,3.09561038017273,0,0,15.7564373016357,2.32053232192993,0,100.156913757324,0.987841069698334,34.3337059020996,4.31167411804199,16.6405010223389,13.7248582839966,6.24341344833374,0,0,0,2.09957122802734,36.254467010498,0.585525929927826,0,0,
"4-May",0,0,-999,4.87914705276489,0,0,1.02515292167664,0,0,24.3768539428711,61.4157752990723,1.05339324474335,0,0.219202145934105,4.07961511611938,58.8174438476562,0.988263845443726,0,0.204788118600845,38.4369812011719,6.11237049102783,0,0,12.1804618835449,10.0050344467163,0,0,1.24043750762939,55.7006378173828,30.5453834533691,0.828615069389343,1.30461275577545,0.620165824890137,
"5-May",4.9547815322876,0,-999,0.492228746414185,11.6866245269775,0.984962701797485,0.810821354389191,0,0,0,12.7494888305664,0,0,0,-999,0.256643027067184,10.9144268035889,0,0,10.7187156677246,4.26306200027466,0,0,18.7166690826416,2.26599335670471,0,4.88181400299072,0,5.03532457351685,0.317746818065643,2.0568163394928,0,0,
"6-May",0,0.213709309697151,-999,0,3.89497447013855,59.7111282348633,0,0,0,0,9.11351203918457,0.486481487751007,0,0,7.95589780807495,18.8139553070068,1.95584046840668,0,0,10.7558431625366,0.34796079993248,0,8.83585929870605,0.244008436799049,0,0,1.08507037162781,0,0,10.0524454116821,4.9489221572876,0,0,
"7-May",23.6137561798096,0,1.07820892333984,2.43598985671997,0,7.5990686416626,4.87423133850098,3.9092481136322,0.245431840419769,0,0.400430500507355,17.680492401123,0.995207786560059,0,47.770336151123,42.9959030151367,8.32161712646484,0,0,5.88409805297852,61.3929824829102,0,0,14.6483249664307,0,0,0,0,75.3736953735352,23.6470184326172,1.95179104804993,1.19170200824738,8.01945304870605,
"8-May",0,1.94929778575897,0,5.16678905487061,0,4.93274641036987,0,11.7840757369995,0.207163289189339,0,0,51.1014442443848,0,0,0,58.6183967590332,0,0,0,1.00055325031281,21.0251979827881,0,35.3178291320801,27.5337772369385,1.06553387641907,0,0,0,0.458997905254364,4.18332004547119,0,0,4.21095037460327,
"9-May",15.9670248031616,0,19.7593650817871,0.729708075523376,8.99110794067383,2.09925603866577,36.4016189575195,31.1754016876221,1.11164081096649,0,26.4453182220459,0,0,0,0,2.16354990005493,0,0,11.7251272201538,85.3031845092773,25.3820343017578,0,0,42.6186370849609,4.96084880828857,0,10.7897911071777,0,10.9478998184204,1.97902989387512,0,1.98566865921021,0,
"10-May",15.8486995697021,0,22.8172664642334,1.9675999879837,15.7879476547241,3.89857292175293,0,15.7145509719849,0,1.97292506694794,11.2794513702393,0,0,0,0,0,0,0,0.585343539714813,14.662917137146,9.00000095367432,0,0.502193927764893,0.861997425556183,0,0,94.600715637207,9.9083890914917,1.96202158927917,0,0,15.7294063568115,0.979448676109314,
"11-May",0,0,21.9186744689941,-999,4.05702114105225,0,49.3769035339355,0,1.06925523281097,0,0,0,0,0,0,0.554225504398346,1.00892293453217,0,3.94600820541382,7.90225410461426,10,0,0.373771488666534,0,3.95561814308167,0,4.49055814743042,57.7152938842773,0.998868584632874,1.0881712436676,5.90386199951172,0.771946251392365,35.234432220459,
"12-May",4.28189563751221,0,11.8670854568481,0,0,0,1.31273341178894,4.88574361801147,0,1.94994866847992,0.211870670318604,0.480967193841934,61.5613441467285,0,0,0,0,0,3.16828060150146,0,9.00000095367432,0,0,16.5897312164307,0,0,19.7226867675781,20.5959873199463,3.92767739295959,2.22111177444458,0,0.512415647506714,39.3898086547852,
"13-May",4.96519041061401,0.692770779132843,1.04350650310516,0,14.8734493255615,2.92053771018982,20.5847663879395,22.6110420227051,0,2.92363905906677,9.2210054397583,2.00169777870178,2.95311331748962,0,1.02148687839508,3.21528744697571,0.333709925413132,0,12.6706161499023,0,0,0,0,0,0,0,0,34.4696235656738,0,0,0,0.493648320436478,1.95641255378723,
"14-May",0,0,0,0,0,0,0.918045103549957,1.06203436851501,2.44650220870972,14.7328824996948,0,9.8242883682251,1.9458132982254,33.1102828979492,0,6.933753490448,0,0,0,0,0,0,0,8.79224967956543,0,0,0,4.01102828979492,1.96611082553864,0,0,0,0.688829481601715,
"15-May",0,8.40191555023193,1.47001397609711,0,0.987262547016144,3.93907523155212,0.587728977203369,40.0006980895996,37.1242904663086,1.96932625770569,0,9.81635665893555,0,19.4928283691406,8.86715316772461,64.4233245849609,0,0,0,0,0.265853106975555,0,2.16426992416382,1.95596659183502,0,0,0,0,0,0.339191466569901,0,0,1.96802377700806,
"16-May",0,0,1.14748656749725,0,0.620891749858856,0.206052601337433,0.530089974403381,0,0.938078641891479,21.6011753082275,10.7252006530762,5.9505934715271,7.93407249450684,25.5719623565674,0.997032523155212,45.1727752685547,0,0,5.90380525588989,0,0,0,0,0,5.865891456604,0,0,1.96114480495453,6.83378934860229,0,0,0,0,
"17-May",6.8586220741272,0,7.80280923843384,0,4.04931735992432,0.824946999549866,-999,0,0,2.43919277191162,32.0908813476562,2.92566967010498,0,3.13047671318054,1.00513982772827,0,0,0,0.294694036245346,0.982349455356598,0.486453324556351,0.296882897615433,0,0,22.5973834991455,0,0,0.457709550857544,0,0,0,0,0,
"18-May",0,0,0,0.551742494106293,3.24222087860107,2.05115652084351,24.4048919677734,0,0.367401748895645,8.82118511199951,0,0,0.20426245033741,8.12711811065674,0,0,0,0,0,0,0,0,0,0,4.89246797561646,0,0,0,0.980749905109406,0,0.932454705238342,2.05529737472534,3.96130800247192,
"19-May",2.94053387641907,1.95533359050751,36.127124786377,3.14620423316956,1.99949634075165,47.6877059936523,20.6962413787842,0,42.7246932983398,0.588256895542145,0.294512182474136,0,2.95470118522644,3.98985385894775,0,0,0,0,0,0,0,0,0,0,0,0,13.670994758606,0,10.7480812072754,0,0,1.04520881175995,0,
"20-May",0,0.26743021607399,-999,-999,0,0.995962619781494,0,0,7.29209041595459,0,0,10.9117593765259,0.981577694416046,20.7061748504639,0,0,0,0,0,0.787038803100586,0,0,0.219191014766693,0,0,0,0.845435917377472,0,0,0,0,0,10.7527418136597,
"21-May",0,0,0,-999,0,13.6406917572021,0,0.979468286037445,13.9000539779663,0.391782939434052,0,35.2313613891602,0,5.16877746582031,0,-999,0,0,0,0,3.97813773155212,0,2.47248864173889,0,0,0,0,0,1.98397326469421,0,0.975893795490265,0.224067628383636,0.783656120300293,
"22-May",0.7978475689888,0,0,3.36519527435303,0,12.6606531143188,-999,0,13.8130836486816,0,4.87714576721191,0,0,0.978771150112152,0.973047494888306,0,0,0,0.68013322353363,0,4.25050973892212,0,0,0,0,0,0,0,0.980664610862732,0,0,6.85665893554688,0,
"23-May",5.90051031112671,0,0,9.95338726043701,0.598879635334015,20.4549903869629,-999,3.95998215675354,0.877150535583496,0,0.411624521017075,0,0,11.009654045105,3.95430588722229,0,0,0,3.23079538345337,0,7.87722206115723,0,0.591727495193481,0.971794247627258,0,1.95121288299561,0,0,1.95982527732849,1.23283720016479,0,0,1.96437525749207,
"24-May",17.1713218688965,0,2.03879976272583,11.8455104827881,0.381238579750061,2.92191338539124,-999,9.93749904632568,2.47599196434021,64.2554626464844,7.83064222335815,0,0,4.94706439971924,0,0,0,0,0,0,2.00201177597046,0,8.2946949005127,0,0.589495360851288,0,0,1.06059336662292,0.98389208316803,0,0,0,0.506486654281616,
"25-May",9.05221652984619,0,1.11542320251465,2.10677528381348,0,0,0,0.890201926231384,14.6828203201294,0,13.8585729598999,0,0,1.96208322048187,0,0,0,0,0,0,4.90918254852295,0,31.2220802307129,0,0.977829039096832,0,0,0,0,2.95321416854858,0,0,0.642569720745087,
"26-May",0,0,0.585201442241669,6.0392484664917,0,0,0.48682314157486,0,14.7378616333008,0,0,5.8448691368103,0,0,0,5.96100616455078,0,0,0,0,3.04764628410339,0,31.3281497955322,1.04601109027863,0,0,0,0,0,0,0,0,1.95216763019562,
"27-May",0,0,0,0.980890154838562,1.03934156894684,0.50242030620575,1.02732229232788,0,0.618242025375366,0,0,0,0,0,0,23.0262908935547,0,0,2.04101967811584,0,3.09511137008667,0,12.97873878479,0,2.93108487129211,0,0,0,0,0,0.316965073347092,3.08452701568604,1.00020384788513,
"28-May",0,0,0,0,4.49595642089844,13.6206932067871,3.92092633247375,0,2.93052864074707,0,1.94719636440277,0,0,0,0,1.01232385635376,1.17275810241699,0,0.399968236684799,0,1.23378431797028,0,43.562671661377,0,0,3.05758881568909,0.495550632476807,3.90919947624207,0,0.609113276004791,0,0,0,
"29-May",5.90458154678345,0,0,0.416932255029678,0,0,8.82648372650146,0,0,0,0,0,2.9873194694519,0,0,0,0,0,0,0,2.95928049087524,0,2.28966903686523,0,0,0,2.92193675041199,2.1293203830719,0,0,0,0,3.96598148345947,
"30-May",2.10360527038574,1.96526527404785,0,8.78467559814453,0,1.97172677516937,0,0,0,24.8692245483398,0,0.98842054605484,4.07314491271973,0,0,0,0,0,0,0,12.7730436325073,0,0,0,15.6202898025513,0,0,0,0,0,0,0,15.7206583023071,
"31-May",0,0,0,15.5857706069946,0,0,0,0,0,0.735641121864319,0.972906649112701,0,1.02108538150787,0.972906649112701,0,0,0,0,0,0,1.82724690437317,0,0,0,14.9823331832886,0,0,0,0,12.7205839157104,0,0,4.95471334457397,
"1-Jun",0.68238365650177,0.803680717945099,0,0.795201241970062,0.647177815437317,0,0,0,0.59922456741333,0,0,0,0,0,4.87039756774902,0,0,0,0,0,0,0,1.03749358654022,0,0.251071691513062,0,0,0,0,0,0,0,7.87030410766602,
"2-Jun",1.00038480758667,0,0.974724471569061,4.05611133575439,0,0.975301682949066,0,0,0.391367107629776,0,-999,0,0,0,0,37.9528579711914,0,0,0,0,0,0,0,0,0,0,0,0,0,0,0,0.976429104804993,0.240898057818413,
"3-Jun",0,0,0,1.96341955661774,5.92933654785156,0,0.391130775213242,0,0,0,3.93808698654175,0,0,5.88424491882324,0,0,0,0,0,0,0,0,0,0,0,0,0,0,0,0.986607372760773,0,0,1.01346874237061,
"4-Jun",0,0,0,0.972718477249146,0.676296830177307,0,0.828458726406097,0,0,0,0,0,0,5.92717933654785,0,0,0,0,0,0,0,0,0,0,0,0,3.25932788848877,0.393604546785355,0,0.393382877111435,0.976046323776245,0,0,
"5-Jun",0.399082869291306,0.983607530593872,0,0,3.01721358299255,0,0,0,0,0,0,0,0,6.9921669960022,0,2.09079098701477,0,0,1.05087184906006,0,0,0,0,0,0,0,0,0.984731376171112,0,0,0.785015344619751,54.7340393066406,0,
"6-Jun",0.317535728216171,0,0,0,13.9122247695923,0,-999,0,0,0,5.86237096786499,0,0,0,0,8.89589309692383,0,0,0.274286687374115,0,0,0,0,0,0.200284838676453,0,0,0,0,0,0,0,0.20648218691349,
"7-Jun",0,0,0,0,33.1278419494629,0.583743989467621,0,7.84615898132324,0,4.0862078666687,0,0,0,0,0.973512589931488,0,0.983658790588379,0,0,0.973837614059448,0,0,7.80873727798462,0,0,0,0,0,0,3.11924123764038,0,18.5555229187012,0,
"8-Jun",0,0,0,0,0.698765277862549,0.389162659645081,0,1.96725690364838,0,0,0,0,0,0,0,24.4060153961182,0,0,0,0.972906887531281,0,0,0,0,0,0,0,0,0,0.846751391887665,0,0,0,
"9-Jun",0,0,0,0,1.02325868606567,0,0,0,0,0,0,0,0,4.00688314437866,0,1.02452170848846,0,0,0,0,0,0,0,0,0,0.979174315929413,0,0,0.778325319290161,0,0,0,0,
"10-Jun",0,0.502101302146912,0.71080482006073,0,0,0,0,0,0,0,0,0,0,4.97056102752686,0,0,0,0,0,0,0,0,0,0.415073812007904,0,0,0,0,0,0,0,4.94606781005859,0,
"11-Jun",0,0.594605386257172,0,0,0,0.595199525356293,0.590468406677246,0,0,0,0,0,0,12.7995128631592,0,0,0,0,0,0.396600067615509,0,0,0,1.98352789878845,0,0,0,0,0,0,0,0,0,
"12-Jun",0,0.682494640350342,0,0,0.993789255619049,2.95096182823181,0,2.92133903503418,0,0,0,0,0,3.97040009498596,0,0,0,0,0.974806308746338,0,0,0,0,0,0,0,0,0,0,0,0,0.981670260429382,0,
"13-Jun",0,0,0,0,0,19.7994537353516,0.58899974822998,4.87251663208008,0,0.531166732311249,-999,0,0,0,0,0,0,0,0,0,0,0,0,0.390334218740463,0,0,0,0,0.406266570091248,0,0,0,0,
"14-Jun",-999,0,0.691469728946686,7.07668590545654,0,1.96173286437988,0.429577231407166,0,0,0,1.9524085521698,0,0,1.04905772209167,0,0,0,0,0,1.08497858047485,0,0,0,0,0,2.97018647193909,1.02664172649384,1.95025944709778,0.510759890079498,0,2.99737739562988,0,0,
"15-Jun",0,0,0.402260839939117,0.774737894535065,0,0,0,0,0,2.93324112892151,2.94584679603577,1.95072460174561,0,3.24459910392761,4.86453342437744,0,0,0,0,3.92751932144165,0.316137462854385,0.954758763313293,0,0,0,0.999891877174377,0,0.305218696594238,0,0,1.03465902805328,0,0,
"16-Jun",0,0,0,0,0,0,0,0,3.93607091903687,0.292312383651733,0,0,0,1.9458132982254,0,0,0,0,0,4.93913173675537,0,0,0,0,0.321935832500458,0,7.85969924926758,2.9604640007019,0,0,0,0,0,
"17-Jun",0,0,0,5.01311445236206,0.972906649112701,0,0,0,1.96632277965546,0,1.94539678096771,0,3.90770983695984,0,0,0,0,0,0,3.91032385826111,0.973209619522095,0,0,1.97563540935516,0,0,0,0.390374541282654,0,0,0,0,0,
"18-Jun",-999,0,0.466901451349258,2.04809808731079,0,1.04411244392395,0,0,0.68183296918869,0,0,1.94968152046204,0,1.00051295757294,3.90298271179199,9.7395715713501,0,0,0,0,0,0,0,0,0,0.394301474094391,0,0,0,0,0,0,1.97162103652954,
"19-Jun",0,0,0.893947064876556,2.00966429710388,0,0.434672981500626,0.883168995380402,0.972906649112701,0,0,0,0,0,0,3.12389469146729,0,0,2.18167161941528,7.81455945968628,0.973209619522095,0,0,1.06358230113983,0,0,0,0,0,0,0,0,0,0,
"20-Jun",0,0,3.93949127197266,2.9781539440155,0.500264406204224,0,0,0,1.98395895957947,0,0.292174965143204,0,0,0,0.980890154838562,0,0,0,3.93646049499512,0,0,0,0.991009414196014,0.780712604522705,0,0,0,0,0,0,0,0,0,
"21-Jun",0,0,0.985562264919281,1.98530638217926,0,0.974844217300415,0,0,0,0.99132376909256,0.584177494049072,0,0,0,1.97006678581238,0,0,0,8.77885150909424,0,0,0,13.6943960189819,0,0,0.488420128822327,0,0,1.94848203659058,0,0.292778581380844,6.83951568603516,0,
"22-Jun",0.395096510648727,1.9503470659256,0,0,0,0,0,0.909331738948822,0,0,0,0,0,0,0,0,0,0,1.01346755027771,0,0,0,0,0,0,0.522062838077545,0,0,0,0,1.95972383022308,0,0,
"23-Jun",0.440460503101349,1.96568965911865,0,-999,0,0,0,0,0,0,0,0,0,0,0,0.974724471569061,0.972906649112701,0,0,0,2.93540668487549,0,0,0,0,0.97720855474472,0,0.984143853187561,0,0,0,0.805383384227753,0,
"24-Jun",0,0,0,3.91606998443604,0,0,2.92398524284363,0,0,0,0,13.6303644180298,0,0,0,0,0.981193125247955,0,0,0,0.583743989467621,0.223357558250427,0.975734710693359,0.435298949480057,0,0,0,0,0,0.342950046062469,0,0,0.307839006185532,
"25-Jun",0,0,0,0,0,2.9373025894165,0,0,0.292023479938507,0,0,0.973600506782532,0,0,0,7.89565658569336,0,0,0,0.974118530750275,0,0,0,4.89441299438477,0,0,0,1.94641923904419,0,0.863929986953735,0,0,0,
"26-Jun",0,-999,0,0,0,0,0,0,0,0,0,0,0,0,0,0,0,0,1.02811932563782,0,1.94641923904419,0,0,0.205103352665901,0,0,0,0,0,0,0.984444439411163,0,0,
"27-Jun",0,0,-999,0,0,0,2.92238807678223,0,0,0,0,0,0,0,0,0,0,0,5.9002685546875,0,0.295204699039459,0,0.691941618919373,0,5.2862811088562,0,0,0.486665397882462,0.986172318458557,0,0,0.390522480010986,0,
"28-Jun",0.435590893030167,0,0,0,-999,0,0,0,0,0,0,0,2.94960832595825,1.94611620903015,0,3.93338203430176,0,0,0,0,0,6.86861181259155,1.9458132982254,0,0.595067918300629,0,0,0,0,0,0,0,0.980742156505585,
"29-Jun",7.81639528274536,0,6.87813997268677,0,-999,3.90936827659607,0.985321402549744,0,0.39530736207962,0,1.00485467910767,0,2.02671837806702,0.972906649112701,0,0.994693279266357,0,0,0,0,0,0,0,0,0,0,0.292759954929352,0,0,0,0,0,0.976090729236603,
"30-Jun",-999,0,5.84548377990723,0.976326942443848,-999,3.01929116249084,0,0,0.207651898264885,0,0,0.460610270500183,0,0,1.95593571662903,0,0,0,0,0,0,0,0.973512589931488,0,0,0,0,0,1.00964450836182,0,0,0,0,
"1-Jul",-999,1.94977653026581,0.201108142733574,-999,0,10.7698001861572,0,0,1.95015907287598,0,3.90709090232849,1.01860594749451,-999,0,2.9270544052124,0,0.983623266220093,0,0,2.92806100845337,0,0,0,0.293264299631119,0,0,0,0,0,0,0,0.585615038871765,2.03553986549377,
"2-Jul",2.95614385604858,6.92916202545166,0,2.91442918777466,0,0,1.94719398021698,0,1.95406603813171,0,0,0,-999,0,7.80720376968384,0,0,0,0,0.901404440402985,0.291478395462036,0,0,0,2.04682016372681,0,0,0,0,3.9116153717041,0,0,0,
"3-Jul",0,0,0,1.9452919960022,-999,0,7.7857608795166,0,0,0.309277087450027,0,29.3020133972168,-999,0,0.999194622039795,0,2.50688505172729,0,0,0,0,0,0.396184146404266,0,0.600507795810699,3.90794157981873,0.972906649112701,0,0,0.691703021526337,0,0,0,
"4-Jul",0,0,1.01256144046783,0,0,0,3.92595744132996,0.879459798336029,0.318386346101761,3.26744198799133,0,5.89640378952026,0,0,0,0,0,0,0,0,0.424617528915405,0,0,0,0,1.98917508125305,0,0,0,2.92840242385864,0,0,0,
"5-Jul",0,1.00512611865997,3.9864137172699,0.486322999000549,0,0,0.393806993961334,0,0,0.990479052066803,0,1.9631884098053,0,0.972906649112701,0,3.90819954872131,0,0,0,2.94039177894592,1.96623003482819,0,0,0.401788413524628,0,0,0.29187199473381,0.202773198485374,0,0.737977802753448,0,0,0,
"6-Jul",0,0,0.971624493598938,0.777177691459656,0,0,6.84716033935547,0,2.94417691230774,0,0,0,0,0,0,0.972906649112701,0,0,0,0,0.973209619522095,0,0,0.687136232852936,0,0,0,0,0,0,0,0,5.90158414840698,
"7-Jul",0,0,4.91677761077881,0.395525068044662,0,0,2.01798629760742,2.93697166442871,4.95973634719849,0,0.5948366522789,0.237035498023033,0,0,0,0,0,0,1.94657170772552,0,0,0,0,0,0,0,0,0,0,0,0,0.984384596347809,4.86272239685059,
"8-Jul",0,0,10.7023162841797,0,0,0,2.0103874206543,2.93922472000122,0.49557101726532,1.05641758441925,0.405410677194595,0,0,2.52571249008179,0.996857166290283,0,0,0,0,0,0,0,3.90511918067932,0,0,0,0,0,0,0.399824798107147,0,0,0,
"9-Jul",0,0,0,0,0,0,0.989153742790222,0,0,0,0,0,0,3.89677715301514,0,0.983104467391968,0,0,0,0.803175449371338,0,0,0,1.95153403282166,0.878204107284546,0,0,0,0,1.9612809419632,0,0,0.972496926784515,
"10-Jul",0,0,0,0,0,0,0.975857436656952,0,0,7.79547834396362,0.983198642730713,0,6.81034660339355,0,0.988873660564423,1.95379674434662,0,0,0,0,0,0,0,2.95150184631348,0.392897844314575,0,0,0,0,0,0.326889723539352,0.988951504230499,0,
"11-Jul",0,0,1.96300220489502,0,0,4.92477035522461,0,0,0,0,0.981150805950165,-999,0,0,2.94109344482422,0,0,0,0,0,0,0,0,0.601886630058289,0.780656039714813,0.976134896278381,0,0,0,0.293009787797928,0,2.94143486022949,0,
"12-Jul",-999,0.292622238397598,0,0.583743989467621,0,0.399690687656403,0.201847612857819,0,0,0,0,0,1.02017879486084,1.97326910495758,0,0.980890154838562,0,0,0,0,0,0,0,0,0,1.58516645431519,0,0,0,1.96125197410583,0,0.488235175609589,0.388913035392761,
"13-Jul",0,1.9501838684082,0,0,0,0,1.019815325737,0,0,0,0,5.92657232284546,0.974724471569061,7.8615779876709,0,0,0,0,0,0,0,0,0,0,0,0.402036726474762,0,0,0,0,0.308742046356201,0,0,
"14-Jul",0,0.351642549037933,0,0,0,0,0,0,2.93362665176392,2.5306499004364,2.9572114944458,0,0,8.82707214355469,0,3.89162659645081,0,0,0,0,0,0,0,0,0,0.687608599662781,0,0,0,0,0,0.608788907527924,0,
"15-Jul",0.974870979785919,0.979934394359589,0.326522827148438,0.259643703699112,0,0.557331025600433,0,0.972936928272247,0,0.974015176296234,1.08406853675842,0,0,0,0,1.94765102863312,0,0,0,0,0.715057790279388,0,0,0,1.95930826663971,0,0,0,0,0,0,0,0,
"16-Jul",-999,0.292536318302155,0,1.95379674434662,0,1.98288309574127,0,1.00755631923676,0.681034624576569,0.972906649112701,5.85213088989258,0,0.974118530750275,0,0,0,10.72887134552,0,0,0,0.904797852039337,0,0,0.983816802501678,0,0.98891019821167,0.972906649112701,0,0,0.224226430058479,0,0,0,
"17-Jul",0,0,0,0,0.981285750865936,0,0.666323781013489,0,0.977389454841614,18.2065982818604,0.490389585494995,0,0,0,0,4.86786603927612,0,0,1.95860743522644,0,0,0,0,0,5.86108446121216,0,0,0,0,2.93841886520386,0,0,0,
"18-Jul",0,0,0,0,0.979169964790344,0,0,0,0.629054486751556,0,3.92669630050659,0,0,0,0,1.96450698375702,0,0,0,0,0,0,9.91404724121094,0,2.9528694152832,0,0,2.19073820114136,0.973067462444305,0,0.726911187171936,0,5.93169212341309,
"19-Jul",0,0.296692073345184,0.29187199473381,0,0,0,0,0.487968176603317,0,0.972906649112701,0.980750203132629,0,0,0,0,8.77242946624756,0,0,0,0,0,0,0.981372654438019,0,0,0,0,0,0,0.203178316354752,0,0,8.7879056930542,
"20-Jul",-999,1.97656071186066,5.93024730682373,0,0.778116822242737,0,0,0,0,0,13.7588787078857,0,0,0,0,8.78770446777344,0,0,0,0.978064358234406,0,0.406286329030991,0,0,0,1.98834896087646,0,0.973512589931488,0,0,0,0.590107798576355,0.391655117273331,
"21-Jul",0,0,2.9376003742218,0,0,-999,3.90402889251709,0.207294821739197,0,0,8.8374195098877,0,0,3.89961004257202,0,0.228125810623169,0,0,0,0,0.29211437702179,0,0,0,0.977407872676849,1.01116013526917,0,2.01212525367737,0,0,0.800531089305878,0,0,
"22-Jul",-999,1.95778059959412,0,0,0.779429852962494,0,0,1.95682644844055,0,0,1.96158051490784,2.9360945224762,0,0.982707977294922,0,0,0,0,0,0,0,0,0.788930833339691,1.95324456691742,0,5.88422441482544,0,0,0,0,2.96599435806274,0.404231578111649,0.972556352615356,
"23-Jul",4.99389028549194,3.92145276069641,0,-999,0.488574117422104,0.44207102060318,0,3.91035985946655,0,1.00091123580933,0,0.976037800312042,0,1.94793403148651,0,0,0,0,0,0,0,0,0.292557716369629,0,0,4.95868396759033,0.389162659645081,0,0,0,1.96918332576752,0,0.979765176773071,
"24-Jul",0.299712210893631,2.93135476112366,0,-999,0.592146933078766,0.213879764080048,0,0.884223163127899,3.89481997489929,0.973526537418365,0,0,1.99408793449402,0,0,16.5473957061768,0.981680691242218,0,0,0,0,0,0,0,1.96971333026886,2.94640350341797,0,1.70565843582153,0.397645890712738,0.685866415500641,0,0,2.92697930335999,
"25-Jul",0.321031332015991,0.986360669136047,0,0.201041683554649,0,4.89618682861328,0,0,0.307839006185532,2.2353618144989,0,5.92091941833496,0,0,0,0,0.976135611534119,0,0,0,2.91993188858032,0,0,0,0.235466152429581,0,0,6.90556526184082,0.23744323849678,0,0,1.97600865364075,0.778228104114532,
"26-Jul",0,0,0,0.688872754573822,0,1.96000599861145,0.781513035297394,0,1.04807865619659,0.496754378080368,0,0,0,0,0,0,0.9788578748703,0,0,0,0.975301682949066,0,0,0,0.446884155273438,0.977822959423065,0,4.95386219024658,0,0,0,0.590569257736206,0,
"27-Jul",0.391494780778885,0.306295990943909,0,-999,0,0,0,0,0,0,0,0,3.92886400222778,0,0,0,0,0,0.200560048222542,5.01628684997559,0.39007157087326,0,2.94294118881226,2.95957970619202,0.527843415737152,0,0,0,0,0,5.90231513977051,0,1.99105763435364,
"28-Jul",2.98800349235535,0,0,0,-999,1.96581673622131,0,0,0.97361809015274,0,0,0.98145204782486,2.93498992919922,1.00667858123779,0,0,0,0,0,1.97497427463531,0,0,0.41802391409874,2.9549834728241,3.26845741271973,5.85681581497192,0,0,0.977386832237244,1.97450053691864,1.97435188293457,0,0.977491140365601,
"29-Jul",0,2.93490481376648,0,0,0,1.01408052444458,0.97386622428894,0,0.683429658412933,0,0,1.95038831233978,4.9044508934021,0.972906649112701,0,0,1.95146930217743,0,0,0.586764931678772,0,0,0,0,10.916145324707,0.985942661762238,0,0,0,0,0,0,0.994098365306854,
"30-Jul",5.94753170013428,0.974871098995209,0,0,0.681034624576569,2.94317054748535,0,0.486453324556351,0,0,0,0,0,0,0,0,0,0,0,0,0,0,0,0,0,7.82491254806519,0,0,0,0,8.34544277191162,1.04797899723053,0,
"31-Jul",3.95306730270386,0.49359205365181,0,0,0.882002770900726,0.983190476894379,0,1.15515613555908,0,0,0,0,0,0,0,0,0,0.399085521697998,0,1.98235547542572,0,0,0.711370229721069,0,3.92602348327637,6.85325765609741,0,0.592636406421661,3.9722113609314,0,0,0,0,
"1-Aug",0.497153967618942,0.206941783428192,0,-999,0,0,1.94965803623199,0,2.91875028610229,0,0,0,0.972906649112701,0,0,0,0,0,1.99434697628021,0,0,0,0.976582586765289,0.692080855369568,0.987797200679779,7.8184928894043,0,0.495239526033401,0,0,0,0.613993763923645,1.9762978553772,
"2-Aug",0,0.48913049697876,0,0,1.95341193675995,0,-999,1.94839215278625,0,0,0,0,0,0,0,0,0,0,0,2.93984460830688,4.88754606246948,1.9458132982254,0.980890154838562,0,11.7863960266113,2.95804953575134,0,0,0,0,0,0.398550152778625,0.980245649814606,
"3-Aug",0.982059717178345,1.95213830471039,0,-999,0,1.1013810634613,0.689763367176056,0.298626393079758,0.397575527429581,0,0.294271856546402,8.77907276153564,1.0048406124115,0,0,0,0,0,0,7.78749227523804,13.6891460418701,0,0,0,1.01644599437714,0.200401201844215,0,0,0,0,0,0.687353074550629,0,
"4-Aug",0,3.90200304985046,0,0,1.03905665874481,0,1.95379674434662,0.979535520076752,0,3.92961573600769,0,2.96139430999756,0,0,0,0,1.96444797515869,0,0,1.05401921272278,0,0.974503338336945,0,0.231751918792725,0.97568553686142,0,0.982358634471893,0,0.414297848939896,0,2.98826122283936,0,0,
"5-Aug",0,2.92450141906738,0,0,0,0,0,2.92152857780457,0,0,0,4.87586116790771,0,0,0,0,0,0,0,0,0,1.95409977436066,0.6842280626297,0.393354475498199,0,0,0,0,0,0,0,0,0,
"6-Aug",0,0.97723001241684,0,0,0,0,4.98945426940918,0,0,4.8669900894165,1.57045376300812,0,13.6863985061646,0,0,0,0,0,0,0,0,0,107.847190856934,0.399034410715103,0,0,0,0,1.98223507404327,0,0,1.95724844932556,4.94819068908691,
"7-Aug",0,1.00006115436554,0,0,0,0.22057318687439,2.04210686683655,0,2.93835878372192,4.88571834564209,0,0,0,0,0,0,0,0,0,3.93214225769043,0,0,0,0.512385129928589,0,0,1.96215796470642,0,5.87873029708862,0,5.87285470962524,1.96799540519714,6.87378597259521,
"8-Aug",0,3.91844296455383,3.91741514205933,0,0,2.00188207626343,0,-999,2.91872000694275,1.95409977436066,1.94807589054108,0,0,0,0,0,0,0,0,0.976341128349304,0,0.592573046684265,0,0.496932834386826,0,0,0,0,0.996680557727814,3.04028630256653,0.607164204120636,0,8.79413986206055,
"9-Aug",0,0.882420122623444,2.92559099197388,0,0.900881290435791,0.708968758583069,1.96387696266174,0.389708042144775,0,1.95951581001282,0.299888700246811,0,0,0,0.973815560340881,0.441051125526428,0,0,0,0,0,0,8.78998851776123,1.02369999885559,2.96473097801208,0,0,0,0,0,0,0.490909576416016,0.979546129703522,
"10-Aug",0,0,0,0,12.7836685180664,0,0,1.96160578727722,0,0,0,0,0,0,0.980890154838562,0,0.97563511133194,0,0,0.973791480064392,0.21790437400341,0,2.92175841331482,1.95474290847778,3.93407297134399,0,0,0,2.09020161628723,2.9980297088623,0,0,0,
"11-Aug",0,0,3.8916871547699,0,-999,0,0,0.300065040588379,7.94822216033936,4.88863515853882,0,0,1.94324398040771,0,1.94772469997406,0,0.971446931362152,0,0,0,7.87054920196533,0,1.96130108833313,0,0.393414348363876,0,0,0,2.97039818763733,0.390554785728455,1.96263122558594,0,0.390464246273041,
"12-Aug",0,0,0,-999,11.7433519363403,0,0.975441575050354,0,11.0095243453979,0,0,1.95372974872589,15.6939163208008,0,0,0,2.91997170448303,0,0.271676331758499,0,0,0,0.611252665519714,0,0.293872177600861,0,0,0,0.712424993515015,0,1.95567619800568,0,0,
"13-Aug",0.997229278087616,-999,0.399488031864166,0,0.296201825141907,1.95118308067322,0,0.981102228164673,9.80075550079346,0,0,0,0.999819159507751,2.92218542098999,0,0,0,0,0,0,0,0,0.879876255989075,0,1.95952546596527,1.02937376499176,0,0,0.92522931098938,0,0,1.95770359039307,0,
"14-Aug",0,-999,0,0,0,0,0,1.97372877597809,0.202433779835701,0,-999,0.979532957077026,0,2.92218542098999,0,0.617855429649353,0,0,0,2.07692813873291,0,0,0.683335304260254,0,0,0,0.292353361845016,0,0.201043993234634,0,0,0.988343954086304,0,
"15-Aug",0,0.787085115909576,0,0,3.16536235809326,0,1.94879114627838,0.977396249771118,0.202746614813805,0,-999,0,0,0,0,0,0.993373095989227,0,0,0.976774930953979,0,0,4.89189338684082,0,0,0,0,0,0,0,0,0.979806005954742,0,
"16-Aug",0,0,0,0,33.166072845459,0,0,0.78957462310791,0,1.96564853191376,0,-999,0,0,2.94135594367981,0,2.93965601921082,0,0,0,0,0,0.992535769939423,0.554664790630341,0,0.702201008796692,0,0,0,0.421309232711792,0,0,0,
"17-Aug",0.703718960285187,0,0.809058725833893,0,0,0,0.505818963050842,0,0,0,0,0,2.9537079334259,0.982104659080505,0,0,0,0,0,0,0.651463687419891,0,1.96215164661407,0,4.01429986953735,0.391361773014069,0,0,0,1.00651371479034,0,0,0,
"18-Aug",0,0,0,0.89006519317627,0,0,3.91075253486633,0,0.980643212795258,1.95712947845459,0,0.493300586938858,0.972906649112701,0,0,0,5.85431528091431,0,0,1.95870757102966,0,0.394675433635712,0.309050887823105,0,6.03877782821655,0.491409778594971,0,0,0,0,0,0,0.389012485742569,
"19-Aug",0,0,0.976298570632935,0.292159497737885,0,0,0,0,0,0,-999,0,0,0,0,0,1.9826580286026,0,0,7.8401894569397,0,0,0.682549476623535,0,2.97523903846741,0,0,0,0.292747050523758,11.939037322998,14.654673576355,0,0.486453324556351,
"20-Aug",0,0.986636996269226,-999,0,0.980890154838562,0,0.490972697734833,0,0,0,0.391782224178314,0,14.7591152191162,0,0,0,0,0,0,4.87675809860229,0,0,0,0,1.98760557174683,0.400891810655594,0.586748421192169,0,0,0.406348139047623,0.2111706584692,0,0,
"21-Aug",0.583435952663422,0,0,0,2.92822027206421,1.94848453998566,0,0.217443525791168,0,0,2.33497595787048,0,2.27251124382019,0,0,8.78798580169678,0,0,0.980810582637787,0,0,0,0,0,0.214008718729019,0,0,4.89728975296021,0,0,0,0,0,
"22-Aug",1.06686294078827,0,0,0,0,0,2.94937491416931,0.876865267753601,0,0,0,1.99615156650543,0,1.00040304660797,0,1.94611620903015,0,0,0,0,0,0.976221203804016,0,0,0,0,0.589227080345154,1.00480425357819,0,0,0,0,0,
"23-Aug",0.513363540172577,0,3.90190267562866,0,2.92711901664734,21.420970916748,1.94975829124451,3.89542579650879,0,0,0,0,0,0,0,0,0,0,0,0,0,0,0,0,0,0,1.97317397594452,0.976705968379974,0,1.96786856651306,1.96794939041138,10.9695749282837,0,
"24-Aug",0,0,1.96630620956421,0.291444182395935,0.307271867990494,9.87293529510498,1.95572352409363,0.583743989467621,0,0.807540714740753,0,0,0,0,0,2.20862054824829,0,0,0,14.6052684783936,0,0,0,1.01230466365814,0,0,0,0.567562937736511,0,3.0715548992157,0,6.96881246566772,0,
"25-Aug",0,0,5.83804559707642,0,0,7.82446098327637,0.292079091072083,0.994694709777832,0.972967207431793,0,0,0.972906649112701,0,0,0,0.422032177448273,3.95340442657471,0,0,1.00579535961151,0,0,1.00855386257172,3.91969776153564,1.97552192211151,1.96454334259033,2.0025942325592,0,2.99235463142395,0.98672091960907,0,2.99975180625916,0,
"26-Aug",6.83694648742676,0,0,0,0,0.9858638048172,3.91901183128357,0,0,0,0.413707762956619,0,0,4.91098642349243,0,0,0.980045676231384,0,2.01527857780457,0.598234951496124,0,0,0.294370621442795,5.8801908493042,0.390310227870941,0.20125150680542,0.407329529523849,0,2.93398547172546,2.04338264465332,0,0,0,
"27-Aug",0.292461395263672,0,0.39007157087326,3.90834999084473,0,1.94294428825378,4.87863922119141,0.492843270301819,0,0.287424683570862,0,7.84097576141357,0,1.97172033786774,0,0,0,0,0,0,0,0,0,0,0,0,0,5.87352514266968,0,0,0,0,0,
"28-Aug",0,0,0.596357643604279,18.6313705444336,0,0,0,0,0.488438636064529,0,0,0,0.972906649112701,0,0,0,0,0,0,0,0,0.58689296245575,0,4.88714838027954,0.618878364562988,0.503950595855713,0,5.95861911773682,0,0,0,0,0.980139136314392,
"29-Aug",0,0,3.90762209892273,0,0,0.25856152176857,1.95034086704254,0,0.975247979164124,0,0,0,0,0,0,0,0.977324426174164,0,0,0,0,0,0,0,0.209002956748009,0,0,2.95595240592957,0,0.207671597599983,0.784822821617126,0.344180941581726,0,
"30-Aug",0,0,0,0,1.96178030967712,0.689781069755554,0.802349627017975,0,0.608603417873383,0,4.90138626098633,0,0,0,0,0,1.06960952281952,0,1.95573830604553,0,0,0,0,0,0,0,1.9458132982254,0,0.589940130710602,0,0,7.39093923568726,1.95370101928711,
"31-Aug",0,0.587651669979095,0.917371451854706,0,0,0,0,0,-999,0,0.983842492103577,0,9.85092163085938,0,0,0,6.81452369689941,0,0,0,0,0,1.94902551174164,0,0,0,0,0,0,0,0,0,0,
"1-Sep",0.390626400709152,0,1.97365772724152,0,0,0,0,0,0,0,0,0,0,0,0,0,0,0,0.419582962989807,0,0,0,12.6586513519287,0,0,0,0.875615954399109,0.972906649112701,1.01435577869415,0,3.99614596366882,3.92092990875244,0.491495043039322,
"2-Sep",0,0,1.02088475227356,5.92429208755493,0,13.8699283599854,0,0,0.208158880472183,0,0,0,0,0,0,0,1.95437371730804,0,2.95870757102966,0,0,0,0,0,0,5.89657068252563,0.205519840121269,0.209102839231491,4.95033073425293,0,0,0,0,
"3-Sep",0.779897511005402,0,0,-999,0,0.694657981395721,0,0,0,0,0,0,0,0,0,0,0,0,0.516729295253754,0,0,0,0,0,1.95159554481506,0,0,0,0.394236445426941,0,0,6.09287691116333,0,
"4-Sep",0.688406765460968,0,0,-999,0,0.785583436489105,0.780446112155914,0,0,0,5.85340690612793,0,0,0,0,0,0,0,0,0,0,0,0,0.796655416488647,0.685571134090424,0,0,0,1.23405396938324,0,0,9.86194133758545,0,
"5-Sep",0.307251036167145,0,0,1.5594938993454,0,0,9.85270595550537,0.973815560340881,0,6.80771589279175,2.93652534484863,42.8091049194336,7.84465408325195,0,0,0,0,0,0,0,0,0,0,0,0,0,0,0,1.96262168884277,0,0,3.93367338180542,0,
"6-Sep",0.90251636505127,-999,0.991446018218994,10.7279739379883,0,1.87260043621063,8.76359462738037,0,0,1.94607281684875,0,1.94853591918945,2.15023231506348,0,0,0,0,0,0,0,0,0,0,0,0,0,0,0,0,0.981190979480743,0,0,0,
"7-Sep",0,-999,0,0,0,0.220836415886879,-999,0,0,0,-999,0.392356067895889,0,0,0,0,0.985947668552399,0,0,1.41077244281769,0,0,0,8.80386447906494,0,0,0,0,0,3.92455792427063,0,0,0,
"8-Sep",0,0,0.972906649112701,0,0.29187199473381,0,0,0,0,0,0,0.296498417854309,0,0,0,0,0,0,0,0,0,0,0,0,0.497212946414948,0,0,0,0,0,0,0,0,
"9-Sep",58.7517280578613,0,5.07734346389771,0,0,0,0,0,0,0,0,0,0,0,0,0.996857166290283,0,0,0,0,0,0,4.09567642211914,0,0.535326957702637,0,0,0,0,0,0,0,0,
"10-Sep",0.304972231388092,0,0.705803394317627,0,0,0.391061335802078,0.977210700511932,0,0,0,0,0,0,0,0,0,0,0,0,0,0,0,0,0,0,0,0,0,6.91571092605591,0,0,0,0,
"11-Sep",0,0,0,0,0,0,0,0,0,0,0,0,3.91845202445984,0,0,0,-999,0,0,0,0,0,0.313627541065216,0,0,0,0,0,4.91481018066406,0,0,0,0,
"12-Sep",0,0,0,0,0,-999,0,10.8150663375854,0,0,0,0,-999,0,0,0,0,0,0,0,0,0,0,0,2.03050255775452,0,0,0,0.617312371730804,0,0,0,0,
"13-Sep",0,0,0,0.682524919509888,0,3.91061639785767,0,0,0,0,0,0.40262895822525,0,0,0,0,0,0,0,0,0,1.19289362430573,0.323104918003082,0,2.15987205505371,0.402510762214661,0,0,0,0,0,0,0,
"14-Sep",-999,0,-999,1.9458132982254,0,-999,0,0,0,0,1.94980502128601,0,0,0,0,0,0,0,0,0.988873660564423,0,0.299015730619431,0,1.95643985271454,7.90845680236816,0.587160289287567,0,0,5.88047933578491,0,0,0,0,
"15-Sep",0,0,0,0.981301307678223,0,0,0.981586456298828,0,0,0,0,0,13.6286764144897,0,0,0,0,0,0,0,0,5.87964773178101,0,0.394320011138916,0,0,0,0,0.394104897975922,0,0,17.6452941894531,0,
"16-Sep",0,0,0,0.507652461528778,0,0,0,0,0,-999,0,0,0,0,0,10.8001394271851,3.95009779930115,0,0,0,32.1574974060059,0,0,0,0,0,0,0,0,0,0,0,0,
"17-Sep",0,0,0,0,0,0,0.486453324556351,0,0,0,0,0,0,0,0,0,0,0,0,21.5943603515625,0,3.93708896636963,0.39737805724144,0,0,0,0,0,0,0,1.01782727241516,0,0,
"18-Sep",0,3.02969527244568,0.490252673625946,0,1.96338868141174,0,-999,0,0,0,0,0,0,0,0,0,0,0,0,7.78508377075195,0,0,0,0,0,0,3.89184832572937,0,0,0,1.07294094562531,0,0,
"19-Sep",0,0,0,0.718236148357391,0,0,0,0.580983817577362,0,0,0,0,0,0,0,0,9.27527809143066,0,0,1.00667870044708,0,0,0,8.96658325195312,0,0,0.226344555616379,0.293787270784378,0,0,0,0,0,
"20-Sep",0,2.9247133731842,0,0,0,4.22749376296997,0,0,0,0,0,0,0,0.973209619522095,0,0,0,0,0,0,0,0,0,0.638034641742706,0.979829549789429,0,0.590345859527588,0,0,0,0,0,0,
"21-Sep",0,0,0,0,0,1.03590202331543,0,0,0,0,0,0,0,0,0,-999,1.95205748081207,0,0,0,2.01642990112305,0,0.202564835548401,0.975844085216522,0,0,0,0,0,0,1.0866607427597,0,0,
"22-Sep",0,0,0,0,0,0.974688231945038,0,0,0,1.17929947376251,0,18.5625095367432,0,0,0,0,0,0,0,0,0,0,0,0,0,0,0,0,0,0,0.227111250162125,0,0,
"23-Sep",0,0,8.77792835235596,0,-999,2.95216870307922,0,0,0,-999,0,0,0,0,0,0,0,0,0,0,0,0,0,0,0,0,0,0,7.023756980896,0,0.222342044115067,0,0,
"24-Sep",0,-999,0,0,0,0.408957183361053,0.243825554847717,0,0,0,0,0,4.00932121276855,0,0,2.97751665115356,0,0,0,0,0,0,0,0,0,0,0,0,0,0,0,0.989024758338928,0,
"25-Sep",0,0,0.778416216373444,0,0,0.976531505584717,0,0,0,2.92670345306396,4.86453342437744,0,0,0,0,0,0,0,0,0,0,0,0,0,0,0,0,0,0,1.9601616859436,0,0,0,
"26-Sep",0,0,0,0,0,0,4.97692632675171,0,0,0,0,0,0,0,0,0,0,0,0,0,0,0.603606522083282,0,0,0,0.782947182655334,0,0,0,0,0,0,0,
"27-Sep",0,-999,0,0,0,0,5.04467535018921,0,0,0,0,0,0,0,0,0,0,0,0,0,0,1.4218327999115,0,0,0,0,0,0,0,0,0,0,0,
"28-Sep",0,0,0,0,0,0,0,0,0,0,0,-999,0,0,0,0,0,0,0,0,0,0,0,3.98629999160767,1.09330725669861,0,0,0,3.90881276130676,1.95322549343109,0,0,0,
"29-Sep",0,0,0,0,0.916442394256592,0,13.7545623779297,0,0,0,0,0,0,0,0,0,0,0,0,0,0.486604809761047,0,0,19.8232326507568,0,0,0,0.974359631538391,8.81552886962891,0,0,0,0,
"30-Sep",0,0,0.681034624576569,0,0,0,2.99620652198792,50.6789703369141,0,1.96885108947754,0,0,0,0,0,0,0,0,0,0,0,22.3783683776855,0,0,1.95959091186523,0,0,0,0,0,0,0,0,
"1-Oct",0,7.8309178352356,0,0,0,0,0,6.82594585418701,0,1.95256340503693,0,0,0,0,0,0,0,0,7.81440591812134,0,6.82324075698853,0,0,0,0,0,0,0,0.982081890106201,0,0,0,0,
"2-Oct",0,4.88322925567627,0,0,0.885316550731659,0,1.95508623123169,0,0,1.97127866744995,0,0,0.982591569423676,0,0,0,0,0,0,2.14878082275391,0,0,0,0,3.90924620628357,0,0,0,4.87963390350342,0,3.06582236289978,0,0,
"3-Oct",8.81583309173584,0.868412554264069,0,3.92539858818054,0,0,0,0,0,7.84084892272949,0,1.0376785993576,0.998507440090179,0,3.0323269367218,0,0,0,0,1.94851136207581,2.97449660301208,0,0,0,0,15.6939258575439,0,0.487370103597641,0,0,0,0.469534188508987,3.47831130027771,
"4-Oct",0,0,0,-999,0,0,0,0,0,0,0,0,4.0722541809082,0,0,0,0,0,6.97207546234131,0,0,0,0,11.9405584335327,0,34.4941825866699,0,0,0,0,0,0,0,
"5-Oct",14.8175964355469,6.09017562866211,0,0.993660748004913,0,0.242781743407249,0,0,0,0,0,0,1.14993131160736,0,0,-999,0,0,0.518896877765656,0,5.84242105484009,0,0,0,0.611140429973602,3.17971515655518,0,0,0,0,0,20.6820335388184,0,
"6-Oct",21.454231262207,11.7114362716675,0,0,1.1839337348938,0.693167388439178,15.0790977478027,0,0,0,0,0,12.7029342651367,1.9458132982254,32.0913047790527,0,0,0,0,0.609532475471497,0,0,0,0,0,1.21337342262268,0,0,0,1.03028035163879,0,1.0399169921875,0,
"7-Oct",0,57.8959732055664,0,0,0,4.86973667144775,0,0,0,0,0,4.8645453453064,2.95863747596741,0,28.7462539672852,0,0,0,0,1.99308550357819,0,1.9458132982254,0,0,7.97806215286255,2.03359007835388,0,0,0,0,0,0,0,
"8-Oct",0,33.6641807556152,0,0,0.494648903608322,0,0,0,0.459956049919128,0,0,0,28.5253524780273,0,3.03074288368225,0,0,0,0.919355154037476,0.486672699451447,0,0,0,0,3.85826921463013,0,0,0,0,0,0,0,20.6803302764893,
"9-Oct",4.89856147766113,19.2975559234619,0,-999,0,0,2.92636728286743,0,0,0,5.91851568222046,0,3.94443821907043,0,11.7947444915771,0.973815560340881,0,0,2.93016028404236,26.345552444458,0,0,13.6765775680542,0,0,0,0,0,0,0,0,0,0,
"10-Oct",38.0748748779297,3.97136878967285,12.7033090591431,0,0,0,-999,1.95513427257538,0,0,0,0,1.94641923904419,1.95409977436066,1.12063634395599,0,0,0,0.501659333705902,28.3258800506592,0,0,0,0,0,0,2.4785463809967,0,2.01666784286499,0.590389728546143,0,0.522315979003906,0,
"11-Oct",0,0,13.679386138916,0,0,-999,9.80026435852051,0,0,0,0,0,0,0,0,0,0,0,0,0,0,0,0,0,0,17.7922782897949,0,0,0,30.465353012085,0,0,0,
"12-Oct",0,6.00026988983154,0,0,0.587671756744385,0,79.8467102050781,0,0.993900656700134,0.316821306943893,0,0,-999,0,-999,0,0,0,0,0,0,0,0,9.02823925018311,0.975838959217072,73.0402374267578,0,0,3.99769377708435,1.06187009811401,0,0,8.43837642669678,
"13-Oct",0,0,0,0,0,0,15.5874490737915,0,0,0,0,9.94443702697754,0,0,42.7952728271484,0,0,0,0,0,0,0,0,0,13.7066717147827,0,0,0,0,45.6658401489258,0,0,0,
"14-Oct",0,0,0,0,0,7.87910127639771,0,0,0,0.977922856807709,0,39.5353126525879,0,0,13.2062911987305,0,0,0,0,0,0,0,0,0,10.7675542831421,0,0.207845658063889,0,22.858341217041,16.8272590637207,0,0,0,
"15-Oct",0,0,0,0,0,0,0,0,0,0,0,6.01002883911133,4.86255836486816,0,6.85058689117432,0,0,0,0,6.29362106323242,0,5.20513963699341,0,0,0,0,0,0,2.03739953041077,1.05119180679321,0,0,19.5209827423096,
"16-Oct",0,0,13.626293182373,0,0.492102533578873,0,0,0,0.824712991714478,0.891699850559235,-999,0,5.4914402961731,0,0,0,0,0,0,29.5521106719971,0,5.89944171905518,0,2.24161815643311,0,12.4779996871948,0.271071970462799,0,0,0,0,1.17486929893494,15.7851333618164,
"17-Oct",0,3.9611554145813,0,0,0,0,1.00461947917938,34.1328582763672,35.5570793151855,0,9.7850227355957,0,0,0,0,0.982708632946014,0,0,0,0,10.9987354278564,0,0,1.96167814731598,0,0.417531132698059,0,0.6099653840065,0,0,0,0,25.606761932373,
"18-Oct",0,0,0.29235452413559,0,0,0,0,3.33741593360901,11.927472114563,0,0,16.5721321105957,0,0,16.7963752746582,1.00522661209106,0,0,0,0,0.390613585710526,0.510056495666504,36.1326141357422,3.93065500259399,0,14.6495170593262,9.45829963684082,0,13.8733491897583,0.781134605407715,0,0.612143933773041,41.3769950866699,
"19-Oct",0,0,7.80074453353882,1.89303517341614,0,0,0,3.22214841842651,0,0,0.416547864675522,21.5571784973145,0,0,22.1657581329346,0,0,0,0,0,0,0,3.24538350105286,9.84263610839844,0.331291526556015,0,20.7739276885986,0,14.7241115570068,0.389896035194397,0.566110849380493,2.09181380271912,0,
"20-Oct",0,42.8947486877441,1.95227921009064,0,0.972906649112701,0,0,11.9856595993042,0,0,0,28.4836769104004,0,0,50.1953353881836,0,0,0,0,0,4.98121309280396,2.27068662643433,0,12.1660709381104,0,17.5939979553223,1.07422256469727,0,3.46867203712463,27.8992729187012,0,0.323360711336136,0,
"21-Oct",0,0,0.909518599510193,1.02583253383636,0,0,0,2.17350029945374,7.85660076141357,48.6684532165527,0,0.249947652220726,0,0,0.949396193027496,1.00902581214905,0,0,0,0,1.13798201084137,0,0,0.652205586433411,9.39200878143311,4.45556259155273,0,0,3.91076231002808,0,0,0.301414102315903,4.94591426849365,
"22-Oct",0,38.9778251647949,0,1.36423027515411,0,0,0,43.6472549438477,1.96198856830597,8.7588586807251,0,28.8741493225098,7.04183959960938,0,1.09222710132599,0,0,0,0,2.39762878417969,2.33300018310547,0.673304855823517,61.7352104187012,29.7565155029297,16.8647480010986,1.14467525482178,0,1.08148276805878,13.6692514419556,0,0.430928915739059,1.51806843280792,56.668773651123,
"23-Oct",0.223840937018394,-999,40.9573860168457,24.6377067565918,7.78740882873535,0,0,16.0691986083984,2.28057765960693,13.6335868835449,0,5.962082862854,28.8058986663818,0,10.8336524963379,0,0,0,0,12.8233213424683,44.6769485473633,35.1043663024902,6.84486770629883,0,1.28642666339874,0,3.16528153419495,30.6963272094727,0,2.93843460083008,0,2.34867787361145,2.00667428970337,
"24-Oct",0,11.7408313751221,33.2762908935547,4.10210990905762,0,25.6400184631348,6.83066749572754,0,0.292891800403595,0,0,43.4663276672363,29.852560043335,0,9.2759370803833,0,0,0,8.79511451721191,0,28.9821681976318,0,31.2418823242188,21.0392036437988,0,0,0.250210642814636,46.5911331176758,9.30323314666748,0.986504316329956,0,0,0,
"25-Oct",0,5.22933530807495,-999,0.369985282421112,0,37.278076171875,23.1640663146973,0,0,0,0,2.9638204574585,55.7222862243652,0.984096050262451,0,0,0,0,0,0,6.86940717697144,0,0.628760159015656,0.988817155361176,45.8332061767578,2.94494485855103,6.83351755142212,1.99474537372589,2.09419512748718,0,0,0,0,
"26-Oct",0.584807097911835,20.102783203125,-999,0,0,15.9210996627808,21.0891494750977,28.3130569458008,0.973732471466064,0,0,0.977162778377533,6.4978289604187,8.82002735137939,0,0,0,0,0,0,0,0,10.1755361557007,4.91777896881104,100.658882141113,3.06504106521606,0,0,6.09844255447388,0,0,0,0,
"27-Oct",14.6278581619263,19.8870239257812,0,3.98144555091858,0,34.3566932678223,2.95212078094482,39.9565467834473,0,37.5092735290527,0,4.92900419235229,0.476322799921036,0.210185065865517,0.976845264434814,0,23.8473205566406,0,0,14.2448596954346,0.685114860534668,0,0.740832567214966,4.13734340667725,0.23518942296505,0,7.09781742095947,0.203170776367188,1.95830321311951,0,0,0,0.377859145402908,
"28-Oct",0.219087153673172,-999,6.77946805953979,0,0,37.1015625,27.5418300628662,17.6275119781494,0,29.9010486602783,0.997017979621887,9.87397575378418,3.09367799758911,0,-999,0.976114213466644,0,0,4.9049825668335,1.9826580286026,8.01617527008057,0,0,0,0,0,2.21645331382751,0,54.2336502075195,0,0,0.98114287853241,4.92904758453369,
"29-Oct",7.23079442977905,0,5.07878541946411,-999,0,4.31192827224731,9.08248519897461,7.80482959747314,0,12.2176294326782,0.43966743350029,0,0.530964016914368,0,25.9837341308594,0,0,0,0,7.70892190933228,0.207034543156624,0,0,0,0,0,0,0,0.309441864490509,0,5.90403890609741,31.0681400299072,9.76103782653809,
"30-Oct",0.396245956420898,4.00634813308716,6.02685880661011,0,0,30.4905967712402,6.24270582199097,0,12.6647539138794,2.40528440475464,16.8946132659912,0.97361809015274,19.1565456390381,0,18.7983322143555,5.2545485496521,0,0,0.483008861541748,2.32385587692261,8.85586357116699,0,0,2.1927216053009,9.91552352905273,0,0.277634292840958,4.96627712249756,0.339719653129578,0,0,0,0,
"31-Oct",7.80959844589233,15.0505113601685,0,0,0,0.5315181016922,-999,-999,3.11317443847656,0,25.0219078063965,6.0741286277771,60.1425094604492,0,27.9202499389648,1.02660357952118,0,0,17.9162158966064,16.8295841217041,0.276157438755035,5.0649585723877,0,69.1045761108398,12.7236890792847,0,4.05146169662476,7.41066789627075,0,0.20214806497097,0,4.90167236328125,15.7965602874756,
"1-Nov",0.718904435634613,1.97368383407593,0.985116064548492,0,0,0,0.393640011548996,-999,0,16.2714157104492,9.10511302947998,10.9494571685791,0,0,46.1505241394043,12.7886648178101,0,0,10.4197607040405,47.8548240661621,14.7425699234009,0,18.5497074127197,3.21832346916199,0.611651718616486,7.92730712890625,32.9755325317383,6.96696805953979,0,1.08948504924774,0,4.03370475769043,4.91190004348755,
"2-Nov",-999,26.7810935974121,6.93819379806519,6.05886220932007,0,0,0,0.330674767494202,14.6251974105835,32.7118949890137,0.862742245197296,36.0001449584961,3.928471326828,31.0956172943115,8.78995895385742,38.0709915161133,0,0,1.15580475330353,0.980890154838562,1.4685765504837,0,0,0.403992414474487,0,5.97310543060303,63.6049118041992,0.340707033872604,0.793839275836945,33.4204292297363,0,53.5069923400879,0.450167089700699,
"3-Nov",71.433837890625,2.05810475349426,0,2.00564765930176,0,69.4422607421875,0,27.4766979217529,5.77069520950317,17.0362567901611,5.91524744033813,0,6.02195930480957,0,19.9780178070068,0,0,0,14.0144863128662,4.10735750198364,12.6653528213501,1.38674545288086,0.438495188951492,0.328753739595413,0,0,16.104829788208,0.597342371940613,0.340047210454941,27.831262588501,0,15.9575605392456,0,
"4-Nov",4.62116098403931,1.25566649436951,4.94618940353394,4.87685585021973,0,7.88538503646851,0.300065040588379,97.3276519775391,3.90117883682251,0,0,9.89608287811279,2.0225841999054,16.9345989227295,29.9129314422607,17.7775783538818,0,0,16.7979850769043,12.2503309249878,0.602610290050507,6.87316942214966,5.44673681259155,0,0,0,0,3.12480425834656,0,44.2606239318848,18.8900279998779,0,44.1684112548828,
"5-Nov",0,2.08726072311401,0,-999,58.576831817627,10.7504205703735,0,-999,0,0,0,50.3715438842773,5.90371084213257,27.4343872070312,36.8618507385254,3.96136045455933,0.254433661699295,0,12.833291053772,44.5066070556641,4.08268547058105,0,9.94213008880615,7.00214624404907,0,10.9621276855469,8.02226448059082,10.7101202011108,0,58.7469139099121,30.5839672088623,24.5756607055664,11.9060592651367,
"6-Nov",23.4078502655029,0,0.661980271339417,20.4505405426025,0,0.204867720603943,0,12.2879800796509,0,1.65810883045197,2.9317352771759,100.780479431152,21.5485210418701,1.10411727428436,28.5145492553711,0.995985984802246,0,0,0.589808881282806,21.1660175323486,0,0,0,16.7129421234131,5.90608930587769,2.65072846412659,0,0.325472235679626,0.203820213675499,0,55.3972663879395,1.97618758678436,0,
"7-Nov",9.81031131744385,-999,6.92554903030396,4.86885976791382,2.69405269622803,34.2055168151855,-999,2.97441411018372,0,2.08731889724731,0.51531457901001,0.807756006717682,0,0,17.1076259613037,0,0,0,0,7.62425708770752,0,2.11913514137268,0,16.9287414550781,9.77680587768555,9.00000095367432,0,0.84259694814682,37.2541618347168,0,2.2262134552002,2.92829370498657,0,
"8-Nov",0,29.9865913391113,111.102241516113,12.677583694458,0.82861602306366,0,-999,15.0469837188721,0,0,0,11.2982721328735,0,0,0,35.1882705688477,1.05561542510986,0,0.48732316493988,0,0,0,0,2.08198428153992,0,28.9915828704834,0,0,24.0925788879395,10.2578115463257,7.19568252563477,1.99070489406586,7.0589771270752,
"9-Nov",0,4.25582313537598,8.90045833587646,0,41.0957221984863,10.5008535385132,4.91712808609009,18.5207386016846,0,0,0.647328197956085,30.5891227722168,0,0,0.249492198228836,29.7428245544434,0,0,0.351225674152374,0,0,0.724488079547882,4.86988735198975,0.997447371482849,2.02045154571533,0,0,0,0,0.5778728723526,0.348616421222687,47.4812660217285,53.8194236755371,
"10-Nov",0,10.9760236740112,0.324231028556824,0,0.786709487438202,8.92860698699951,-999,2.65096163749695,12.0326490402222,0,4.90088939666748,27.499547958374,0,0,3.89192962646484,0,0.734312534332275,2.13096117973328,52.4621276855469,0,0.284471720457077,0,15.2390518188477,6.9592924118042,1.01483297348022,9.20083904266357,0.972926557064056,3.37489318847656,0.558918237686157,7.82493877410889,10.0772581100464,8.04359436035156,70.9408187866211,
"11-Nov",-999,-999,0.439127683639526,3.02425789833069,0,12.4920892715454,-999,15.5860834121704,4.90751981735229,0,81.0139617919922,14.9576463699341,21.7624931335449,0,15.1845417022705,0.278762638568878,6.04098749160767,0,4.93503999710083,7.87778615951538,21.4042491912842,0,9.78721141815186,11.0803737640381,13.9038763046265,1.24283456802368,0,7.94868421554565,9.90781688690186,0,0.997579038143158,0,11.7354907989502,
"12-Nov",-999,1.06741321086884,10.3616857528687,15.8364486694336,25.416919708252,16.0411415100098,2.38386702537537,0,0,0,0,6.11532211303711,0,6.69079494476318,0,0,0,0,32.2318687438965,18.6467819213867,0,0.864197790622711,8.85977458953857,7.15705680847168,19.1079654693604,0,0,0,14.8607311248779,0,0,0,0,
"13-Nov",-999,5.91514110565186,3.22137928009033,0.402004957199097,5.94340944290161,2.95243358612061,1.08904576301575,22.8803386688232,-999,7.33779335021973,0,14.7307577133179,0,16.6712970733643,55.8948860168457,0,4.99072980880737,0.60808140039444,46.9782638549805,8.87355709075928,87.8730850219727,17.8207206726074,0,6.87809753417969,0.79253226518631,0,0,0.388297975063324,0,0,0,8.09345054626465,11.9245414733887,
"14-Nov",3.28266334533691,5.08321905136108,0,0,19.8172836303711,2.95243358612061,14.7549467086792,37.6406135559082,0,8.80135917663574,0,36.955867767334,28.964204788208,4.8747353553772,5.3826584815979,0,0.202094480395317,5.9032096862793,35.3832778930664,0,15.6583471298218,0,0,24.810375213623,0,0.204745277762413,0,0,0.58585786819458,0,0,7.86998081207275,5.14760160446167,
"15-Nov",0,-999,0,90.3646240234375,0,-999,6.92624378204346,0,0,12.4289321899414,0,11.4792413711548,29.8882923126221,1.0313161611557,1.19580841064453,0,6.2511887550354,0,0.245895445346832,0,0,1.98831880092621,0,32.6746597290039,0,0,-999,3.16850399971008,1.59587979316711,0,0,7.89233732223511,0,
"16-Nov",0,-999,0.404545813798904,24.6077156066895,4.9857120513916,-999,10.7870769500732,5.25779104232788,0.44828525185585,7.84318828582764,4.89573240280151,26.4666023254395,4.97411775588989,19.6715145111084,3.11317443847656,6.96899604797363,0,9.79232692718506,0.240703299641609,8.77949905395508,0,22.6911010742188,0,20.7480716705322,6.00737524032593,0,-999,0.496660798788071,9.00419139862061,13.0671987533569,0,12.7020435333252,4.91470289230347,
"17-Nov",0,-999,0,17.7934494018555,0,-999,7.60193586349487,11.0535182952881,49.8329772949219,9.85955238342285,-999,11.3538818359375,0.982787728309631,0,0,36.5320358276367,0,8.99134731292725,0.282549679279327,0,0.218531832098961,0.511123239994049,0.778325319290161,75.4908599853516,2.96584677696228,0,2.63971590995789,0,0,0,0,0.205285400152206,10.0168828964233,
"18-Nov",0,-999,9.73893070220947,5.9220404624939,28.6624603271484,-999,2.01661205291748,14.957181930542,10.1170320510864,0,0.998695135116577,4.86800956726074,0,0,6.31148386001587,13.8801403045654,14.075138092041,11.0103759765625,3.02046537399292,0.247460186481476,0.684026539325714,9.11938667297363,2.93337154388428,25.579610824585,0,0,0,0,0.327663362026215,1.99206900596619,5.77997493743896,0.758015692234039,3.19492673873901,
"19-Nov",0,0,1.96690499782562,3.26879072189331,38.2629737854004,-999,0,0,-999,0,2.04310393333435,0,0,7.39489507675171,0,20.6475448608398,0,2.15020704269409,0,0,14.893500328064,0,0.983002424240112,58.1077308654785,5.9790506362915,0,0,0,19.5436553955078,0,0,1.15955555438995,2.98536276817322,
"20-Nov",0,-999,0.221138820052147,-999,0.342919170856476,-999,0.984668374061584,1.07070398330688,4.06787872314453,0,3.99830293655396,0,0,4.27143430709839,3.51322031021118,7.53777074813843,1.34849727153778,0,0,0,7.3706169128418,0,0.246423900127411,2.47844696044922,1.95277369022369,0,0,0,4.0211353302002,0,0.202214568853378,2.97677564620972,10.0874919891357,
"21-Nov",2.05037117004395,-999,0,0,0,-999,28.5168037414551,0,0,0,45.3687210083008,14.744800567627,0,7.95710945129395,21.4631595611572,4.80529260635376,0,115.237739562988,0,0.345695286989212,3.13751745223999,29.2336139678955,12.2318019866943,9.07109069824219,2.01444506645203,0,0,0,2.02325224876404,0,0,0,4.29951238632202,
"22-Nov",0,-999,20.6588478088379,14.7325000762939,26.3329582214355,-999,2.94050097465515,0,7.86232948303223,0,5.16719007492065,0.810846865177155,40.0850105285645,9.08971881866455,0.516288936138153,0.897317290306091,1.16855478286743,2.01551270484924,2.1664867401123,1.0941903591156,5.00555896759033,1.06333792209625,7.91362714767456,12.3949337005615,0,0,27.391206741333,0,0,0,0,0,0.390403658151627,
"23-Nov",0,-999,4.25036811828613,2.44865036010742,4.90629291534424,-999,3.29877018928528,0,0,0,0,-999,1.06851613521576,0,1.12214767932892,0,20.4928493499756,1.29857099056244,0,0,1.02061128616333,4.95359325408936,18.5801601409912,1.32445859909058,0,0,5.01137399673462,0,7.26737976074219,0,0.416568160057068,0,0,
"24-Nov",0,-999,5.17587471008301,0,0.523213684558868,-999,52.9413719177246,0,13.0680904388428,0,1.98528480529785,0,25.3041820526123,3.91245555877686,4.24953651428223,0,0,16.6704807281494,13.43869972229,0,0.202754899859428,4.24861001968384,1.10099923610687,0,0,0,0.708535671234131,9.0302906036377,11.1341562271118,0,0,0,0,
"25-Nov",0,0,3.05262660980225,7.94073295593262,0,-999,9.06583499908447,0,0,0,0,0.206448763608932,0,11.9760122299194,13.2593879699707,0,0,0.465961337089539,14.8908071517944,0,0,8.88900947570801,0,0,0,0,0,6.34954643249512,36.6443328857422,6.8467903137207,0.209059298038483,0,12.8604125976562,
"26-Nov",0,27.6863632202148,0,0,0.292461693286896,-999,25.7503643035889,0,0,0,1.53281271457672,0,0,14.939525604248,20.5890254974365,1.86807537078857,0.232891008257866,0.389692217111588,11.775107383728,0,5.03371906280518,0,0,0,0,0,0,0,0.40444141626358,0,15.9297790527344,0,16.8898983001709,
"27-Nov",2.04792308807373,6.03328943252563,0,8.9946403503418,3.05034065246582,-999,3.22826480865479,0,5.20276403427124,0,20.832914352417,0,0,0,30.8460540771484,1.2199079990387,0,0,9.21333599090576,0,0.339078366756439,0,0,0,0,0,7.91227197647095,0,12.9104356765747,0,0.324229449033737,0,8.83936405181885,
"28-Nov",0,2.02695631980896,0,1.1945995092392,8.85933876037598,-999,7.03847122192383,0,4.23106384277344,0,21.6032047271729,0,0,12.6356906890869,8.1058406829834,0,0,9.89660263061523,2.03435921669006,0,10.8847885131836,0,0,7.89449405670166,0,0,0.831610321998596,0,0.447846353054047,3.96653032302856,0.26263016462326,0.58564168214798,8.07046222686768,
"29-Nov",0.317002803087234,-999,0,27.6974143981934,21.6599807739258,-999,1.25068306922913,4.49277925491333,0,0,27.5197410583496,0,0,34.1463394165039,1.59523618221283,0,0,0,0,0.645904362201691,0.972906649112701,7.83890628814697,0,1.12037229537964,0,0,0,0,0.405365586280823,4.95973682403564,43.7453498840332,0,48.5890121459961,
"30-Nov",0,-999,7.86161279678345,21.0426406860352,6.85228633880615,-999,1.43708992004395,0,0,0,3.95509386062622,12.8475580215454,0,0,8.17939853668213,0.46350884437561,52.044017791748,0,0,0,0,4.99778032302856,0,19.5198593139648,0.54874312877655,0,3.90655040740967,0,0.996677279472351,0,1.23279869556427,38.2547988891602,7.15601778030396,
"1-Dec",0,0.406353920698166,18.8939628601074,3.00419139862061,0,-999,8.06295967102051,0,0,0,0,-999,0,0,0,0,0,0,0,0,3.96523761749268,2.98481416702271,0,2.49503445625305,0.998073279857635,0,2.18030714988708,0,45.9203338623047,11.5949096679688,3.05179762840271,6.17604398727417,0.513755798339844,
"2-Dec",0,-999,6.87257146835327,4.59067010879517,0,-999,2.74864816665649,0,0.74933248758316,0,0.583902895450592,4.22256422042847,0,1.78133034706116,13.0659923553467,0,0,0,0,0,2.02665758132935,0,0,0.465790033340454,1.98578071594238,0,2.99320292472839,0,5.88257217407227,24.6921043395996,0,0,4.06723833084106,
"3-Dec",0,0,4.97490072250366,0,17.661657333374,-999,14.0925521850586,0,0,0.953893303871155,7.81322002410889,0,0,0,7.1085524559021,0,0.216804042458534,0.274602204561234,0,12.8771314620972,0,1.95860862731934,0,0,0,0,8.03888320922852,0,2.24390316009521,2.01898288726807,0,3.93547177314758,0,
"4-Dec",1.96267759799957,-999,2.2834677696228,0,8.97813510894775,-999,0.423542886972427,8.031813621521,0.43309822678566,1.87059020996094,0,0.364414572715759,2.20425534248352,0,7.08267688751221,0,0,0,0,0.424296915531158,11.7689762115479,0,0,0.209765374660492,0,0,1.95067667961121,0,0,0,1.97684621810913,0,0,
"5-Dec",32.3380088806152,-999,0,0.209903433918953,0.382821500301361,-999,0.365376681089401,0,0,1.97570383548737,2.04291343688965,12.6666021347046,0,0,8.83004283905029,0.57728385925293,6.93103885650635,0,0,0,0.333625555038452,0,0,0,0,0,0,0,0,0,0,0,0,
"6-Dec",5.3013391494751,0,0,4.92405986785889,0,-999,-999,0,0,0.513089179992676,6.94700193405151,26.0311489105225,0,0.360596030950546,2.09517502784729,1.47687244415283,6.11747741699219,0,0,0,0,10.2316293716431,0,0,8.82936191558838,0,0,0,0,2.9660005569458,0,0,0,
"7-Dec",20.1707763671875,0,4.90110969543457,2.48774027824402,0,-999,-999,0,0.702391862869263,18.6055011749268,14.1709957122803,0,0,0,2.24465012550354,-999,0,2.93453216552734,0,0,0,19.941577911377,0,0,1.05953800678253,0,2.04161524772644,0,5.85536527633667,3.95459055900574,0,1.15050888061523,1.97058403491974,
"8-Dec",5.86638450622559,0.203832909464836,0,11.8175830841064,0,-999,0,25.0618114471436,0,0,0,2.76075220108032,4.87428569793701,0,0.20196421444416,1.05701732635498,0.32913339138031,0,0,1.063481092453,7.23569059371948,6.05999374389648,0,0,0,0,0.620486319065094,0,0,0,0,3.93005919456482,0,
"9-Dec",0.21677802503109,0.236120641231537,0,0.33531129360199,0,-999,4.06066799163818,1.08464789390564,1.23712646961212,0,7.79991483688354,4.25519514083862,0.243337839841843,0,2.09703516960144,0.570813596248627,0,1.02580785751343,0,6.21487426757812,42.562614440918,0,0,0,0,0,0,0,0,0,0,2.93355250358582,0,
"10-Dec",1.43008375167847,2.96171736717224,2.97094035148621,2.17063784599304,0,-999,1.24302423000336,0,2.09787797927856,17.7194976806641,0,0,0,0,0,0.973370015621185,0,0,0,34.3143653869629,0.486493200063705,0,0,0,0.424587160348892,0,0.299400717020035,0,0,0,9.88092231750488,0,0,
"11-Dec",4.98748588562012,10.8936309814453,0.239952683448792,8.12996292114258,0,-999,1.07921326160431,-999,13.000862121582,14.6872901916504,0,4.17008638381958,0,0,0,0,0,0,6.85904026031494,0,18.6262397766113,0.427263855934143,0.307934373617172,0,0,0,0,12.6784000396729,0,0,42.3119239807129,0,0,
"12-Dec",0,15.500657081604,0,14.6361246109009,0,-999,0.298748344182968,-999,3.1124107837677,5.22702360153198,0,0,2.76576280593872,0,5.00424861907959,0,0,0,14.7721252441406,0,0,0,0,0,0,0,0,0,0,0,27.9829044342041,0.424344718456268,0.582405805587769,
"13-Dec",0,1.83460760116577,0,0,0,-999,0.304719984531403,-999,0,18.0047264099121,0.43902051448822,0,3.97211408615112,0,1.96555304527283,0,0,0,0,0,0,0,0,17.9860649108887,0,0,0.314578145742416,0,0,0.644783616065979,0.323708117008209,0,13.8272609710693,
"14-Dec",0,0,3.90844511985779,10.8853406906128,0,-999,2.10360074043274,6.11889839172363,0,1.1411657333374,1.05583989620209,0,19.840051651001,0,0,0,0,0,8.21364974975586,2.07318758964539,0,1.00624144077301,0,0,0,0,0,0,0,4.94826793670654,1.04366767406464,0,1.71299159526825,
"15-Dec",0,0,0,0,0,-999,4.86453342437744,4.67202806472778,0,0,3.80649590492249,0,0,0,0.32300278544426,0.97770482301712,0,0,0,0,0,0,0,0,0,0,0.303488254547119,0,0,0,0,0,11.1294937133789,
"16-Dec",0,0,0,0,0,-999,0,9.8215856552124,0,1.15715897083282,0,1.08981537818909,1.33732545375824,0,0.955872535705566,0,0,98.5477752685547,0,0,0,0,0,0,0,0,0,0,0,0,0,0,2.08437132835388,
"17-Dec",0,0,0,0.307288199663162,0,-999,0,0,0,26.9627857208252,0,0,18.7471828460693,0,10.5377464294434,0,0,1.34262216091156,0,0,0,0,0,0,0,0,0,0,4.05765867233276,20.0522689819336,0,0,0,
"18-Dec",0,0,0,0,0,-999,0.323074102401733,0.243915230035782,0,6.87312889099121,-999,0,17.9003314971924,0,20.549144744873,0,5.27120971679688,0,0,0,0,0,0,0,0,0,0,0,0.302387058734894,41.2285423278809,0,0,2.31698608398438,
"19-Dec",0,0,-999,0,0,-999,0,0,0,0,0,0,0,0,1.51757752895355,0,0.705752313137054,0,0,0,0,0,0,0,0,0,0,0,0,0,0,0.480388581752777,1.95360600948334,
"20-Dec",0,0,-999,0,0,-999,0,0,0,0,0,0,0,0,0,1.29533171653748,0,0,0,14.0261135101318,0,0,0,0,0,0,0,0,0,0,0,0,0.690358400344849,
"21-Dec",0,1.00240349769592,0,0,0,-999,0,0,1.47459280490875,0,0,0,0,0,0,0,5.98013782501221,0,0,0.307507753372192,0,0,0,0,0,0,0,0,0,0,0,0,0,
"22-Dec",0,0,0,0,0,-999,0,0,9.86315536499023,0,0,0,0,0,1.99905502796173,0,0,0,0,0,0,0,0,45.7829666137695,0,0,0.33209428191185,0,0,5.38047885894775,0,0.616191923618317,0,
"23-Dec",0,0,0.333707273006439,1.94747233390808,0,-999,0,0,3.26252031326294,0,0,0,0,0,0,0,0,0,0,0,0,0,0,1.48798477649689,0,0,6.4065318107605,0,0,0,0,0,0,
"24-Dec",0,0,0,0,0,-999,0,0,15.755428314209,0,0,0.214933976531029,0,0,9.46478939056396,0,0.20178410410881,0,0,0.75493049621582,0,0.486632466316223,0,1.01534509658813,0,0,0.77093118429184,0,0,0.234152182936668,0,0,14.6932678222656,
"25-Dec",22.9331092834473,0,0,0,0,-999,0,0,0,0,0,0,0,0,22.8211975097656,0,0,0,0,5.16691589355469,0,0,0,59.1459083557129,0,0,0.279050350189209,0,0,0.806086838245392,0,0,0,
"26-Dec",9.89740085601807,0,0,0,0,-999,0,0,0,0,2.08860373497009,0,0,0,12.0496387481689,0,0,0,0,0,0,0,0,1.34998977184296,1.00948679447174,0,0.274078637361526,0,0.201089829206467,11.8030757904053,0,0,2.18374037742615,
"27-Dec",0,0,0,0,0,-999,0.298142194747925,0,0,0,0,0,0,0,3.18547630310059,0,0,0.568996489048004,0,6.49170398712158,0,0,0,19.0593872070312,10.5495138168335,0,1.2318354845047,0.987296760082245,2.94302344322205,2.02718544006348,0,0,0.644588112831116,
"28-Dec",23.2583179473877,0,0,0,0,-999,23.4609146118164,0,0,0.232729703187943,0.491267681121826,0,0,3.00931406021118,10.9920854568481,0,0,0,0,0,0,0,0,3.97044467926025,13.9603052139282,0,0.269619673490524,1.97912740707397,0,3.45932531356812,0,0,0,
"29-Dec",0.487044245004654,0,0,0,0,-999,0,0,0,0,0,0,0,0,0,0,0,0,0,0.227165535092354,0,0.570544838905334,0,65.571044921875,0,0,0,0,0,0,0,0,0,
"30-Dec",0,0,0,0,0,-999,0.322666704654694,0,0,0,0,0,0,0.972906649112701,0.247296243906021,0,0,0,0,0,0,0,0,72.1693267822266,0,0,0,0,0,0,0,0,0,
"31-Dec",0,0,0,0,0,-999,4.39170694351196,5.89183855056763,0,-999,0,0,0,0,-999,0,0,0,0,0,-999,0,1.07467186450958,6.95108032226562,0.976001977920532,0,0,0,0,0.244522839784622,0,0,0,
