Day,1981,1982,1983,1984,1985,1986,1987,1988,1989,1990,1991,1992,1993,1994,1995,1996,1997,1998,1999,2000,2001,2002,2003,2004,2005,2006,2007,2008,2009,2010,2011,2012,2013,2014,2015
01-Jan,0,0,0,0,0,0,3.1,15.4,0,10.9,0,0,0.9,0,0,0,0,0,0,0,0,9.7,0,0,0,0,0,0,0,0,-9999999,0,0,0,0
02-Jan,0,0,0,0,0,0,3,0,0,28.3,0,2.5,0,0,0,0,0,0,0,0,0,5.8,0,0,0,4.3,0,0,4.4,0,-9999999,0,0,0,0
03-Jan,3.4,0,0,0,0,0,0.9,0,1.6,4.8,0,0,0,0,0,0,0,0,0,0,7.1,0,0,0,0,2.1,0,0,7.2,9.3,-9999999,0,0,2.2,0
04-Jan,0,0,0,0,0,0,0,1.5,5,13.6,0,0,0,0,0,0,0,0,0,0,3.1,0,0,0,0,0,0,3.2,0,3.5,-9999999,0,0,0,0
05-Jan,0,0,0,0,0,0,0,0,0,7.8,0,0,0,0,0,0,0,0,0,0,0,11.3,8,11.5,0,0,0,1.1,0,6.7,-9999999,0,0,0,0
06-Jan,1.3,0,0,0,0,0,0,0,0,0,2.7,0,3.3,0,0,27.5,0,0,0,0,0,0,7,2.1,0,0,0,0,3.1,0,-9999999,0,0,0,0
07-Jan,0,0,0,0,0,0,0,1.9,0.8,0,9.9,0.5,23.2,0,2.8,0.5,0,0,0,0,7.2,0,0,0,0,0,0,0,0,0,-9999999,0,0,0,0
08-Jan,0,20,0,0.2,0,0,0,0,0,0,8.5,0,1.5,0,0,0,0,0,15,0,0,0,0,0,0,0,0,0,0,0,-9999999,0,0.2,0,0
09-Jan,0,0,0,17.3,0,0,0,0.5,0,0,0,0,0,0,0,0,0,12.2,2,0,0,0,0,0,0,0,0,0,0,0,-9999999,0,3.4,0,0
10-Jan,0,5,0,0,0,0,0,3.1,0,0,0,0.4,0,0,0,1.5,0,12.2,0.1,0,10.1,0,0,0,0,0,0,0,0,0,-9999999,0,0,6.6,0
11-Jan,0,0,0,0,0,0,0,0,0,0,0,0,0,0,0,1,0,47.7,0,0,14.1,0,0,0,0,1.2,0,4.1,0,0,-9999999,0,0,0,0
12-Jan,0,0,0,0,0,0,0,0,0,0,0,1.3,3.5,0,0,4.5,0,3,0,0,7.5,0,0,0,0,0,0,0,0,0,-9999999,0,0,0,0
13-Jan,0,0,0,0,0,0,0,0,0,0,0,0,15.5,0,0,8.5,0,2.5,0,0,9.3,0,0,0,0,0,0,0,0,0,-9999999,0,0.2,0,0
14-Jan,0,0,0,0,0,0,0,0,0,0,0,0,0,0,0,0,0,3,0,0,0,0,0,1.3,0,7.9,0,0,0,0,-9999999,0,0,0,0
15-Jan,0,9,0,0,0,0,0,1.3,0,0,0,0,0,0,0,3.5,21,3.4,0,0,0,0,0,0,0,11.3,0,0,0,0,-9999999,0,0,0,0
16-Jan,0,0,0,0,0,0,0,25.7,0,0,0,0,8.4,0,0,0,7.2,10,0,0,0,0,0,0,0,0,0,0,0,0,-9999999,0,0,0,0
17-Jan,0,1.5,0,0,0,0,0,0.1,0,0,0,0,0,0,0,0,0,4,0,0,0,0,0,0,0,0,0,0,0,0,-9999999,0,0,0.8,0
18-Jan,0,0,0,0,0,0,0,0,0,0,0,0,30.9,0,0,0,0,3,0,0,0,0,0,0,0,0,0,0,7.7,0,-9999999,0,0,0,0
19-Jan,0,0,0,0,0,1.1,0,0,0,1.3,0,0,0,0,0,0,0,0,0,0,0,0,0,0,8.7,0,0,0,0,0,-9999999,0,0,0,0
20-Jan,0,0,0,0,0,1.5,0,5.1,0,0,0,0,0,0,0,0,0,0,0,0,0,0,0,0,3.1,0,0,0,0,0,-9999999,0,0,0.4,0
21-Jan,0,0,0,0,0,0.4,0,2.5,0,0,0,0,0,0,0,0,0,0,0,0,5.3,0,0,0,0,0,0,0,0,7.3,-9999999,0,0,4.8,0
22-Jan,0,0,0,0,0.8,0,0,25.6,0,0,0,0,0,0,0,0,0,0,0,0,0,0,0,0,0,0,0,0,0,1.4,-9999999,0,0,2.8,0
23-Jan,0,0,0,0,0,8.9,0,0,0,0,0,0,0,0,0,0,0,0,0,0,0,0,0,0,0,0,0,0,0,0,-9999999,0,0,0,0
24-Jan,0,0,0,0,3.7,0,0,2.8,0,0,0,0,0,0,0,7,0,0,0,0,18,0,0,0,11.3,0,0,0,0,0,-9999999,0,0,0,0
25-Jan,0,0,0,0,0,0,0,0,0,0,0.7,11.4,3.4,0,0,0,0,0,0,0,10.8,0,0,0,0,0,0,0,0,0,-9999999,0,0,0,0
26-Jan,0,0,0,0,0,0,0.4,0,0,0,15.4,3.5,5.3,0,0,0,0,0,0,0,0,0,0,0,0,0,0,0,0,0,-9999999,0,0,0,0
27-Jan,0,0,0,0,0,0,0,0,0,0,0,0.4,4.9,0,0.8,0,0,0,0,0,17.2,0,0,0,0,0,0,0,0,0,-9999999,0,0,0,0
28-Jan,0,0,0,0,6.2,0,0,0,0,0,0,0,0,0,0,0,0,0,0,0,0,0,0,0,3.2,0,0,0,0,0,-9999999,0,0,0,0
29-Jan,0,0,0,0,1.5,0,0.9,0,0.1,0,0,0,0,0,0,0,0,0,0,0,0,0,0,0,0,0,52.3,0,0,0,-9999999,0,0,0,0
30-Jan,0,6.7,0,0,0,0,0,2.4,0,0,0,0,0.9,0,0,0,0,0,0,0,0,0,0,0,0,0,3.4,0,0,0,-9999999,0,3.8,0,0
31-Jan,0,1.7,0,2.2,5,0,0,1.2,0,0,0.3,0,0,0,0,4,0,0,0,0,0,0,0,7.7,0,0,12.2,0,0,0,-9999999,0,22,0,0
01-Feb,0,9.2,0.2,0,17,0,0,2.5,0,0,0,0,0,0,0,0,0,0,0,0,0,0,0,5.7,0,0,0,0,0,0,-9999999,0,0.6,0,0
02-Feb,0,0,6,0,10.4,0,0,0.5,0,0,0,0,0,0,0,0,0,0,0,0,0,0,0,12.2,0,0,0,0,0,0,-9999999,0,13.6,0,0
03-Feb,0,0.8,0,0,6.2,0,0,0,0,0,0,0,0,0,0,10.1,0,0,0,0,4.5,0,0,0,0,0,0,0,0,0,-9999999,0,0,0,0
04-Feb,0,0,0,0,0,0.4,0,0,2.3,0,0,0,0,0,0,6.8,0,0,0,0,11.4,0,0,0,0,0,0.5,0,0,6.1,-9999999,0,0,0,0
05-Feb,0,0,0,0,2.9,10.1,0,0,5.5,0,0,0,21.8,0,0,0.2,0,0,0,0,4.2,0,0,0,0,0,0,0,0,3.5,-9999999,0,0,0,0
06-Feb,0,0,0,0,7.6,0.7,0.4,0,1.8,2.5,0,0,0,0,0,0,0,0,0,0,3,0,0,0,0,0,0,0,0,0,-9999999,0,0,14.4,0
07-Feb,0,0,0,0,0,0,0,0,0.9,1.5,0,0,0,0,0,0.3,0,2.2,0,0,7.5,11.1,0,0,0,0,0,0,2.1,0,-9999999,0,3.2,13.6,0
08-Feb,0,0,0,5.6,0,0,0,0,3.9,16.6,17.6,0,4.6,0,40,0,0,0,0,0,0,7.3,0,0,0,0,0,0,3.1,0,-9999999,0,0.2,0,0
09-Feb,0,0.9,0,0,0,0,0,0,29.5,0,0,0,53.8,0,1.8,0,0,87,0,0,0,0,0,0,0,0,5.9,0,0,0,-9999999,0,0,0,0
10-Feb,0,0,0,0,0,0,0,10,7.8,3.2,2,0,29.7,11,0,0,0,0,0,0,0,0,0,0,0,0,0,0,0,4.1,-9999999,0,0,0,0
11-Feb,0,0,12.5,0,0,0,0,0,0,7.3,0,4.6,6,0,0,1.1,0,2.1,4,0,0,15.2,0,0,0,0,0,0,0,0.8,-9999999,0,0,0,0
12-Feb,0,0,0,0,0,0,25.4,0.2,0,0,0,0,17.4,0,0,0,0,0,0,0,0,0,0,0,0,1.2,0,0,0,0,-9999999,0,0,0,0
13-Feb,0,0,0.1,0,0,0,0,0,0,0,0,0.4,0.6,0,0,0,0,0,0,0,0,0,0,0,3.1,2.1,0,0,0,0,-9999999,0,0,0,0
14-Feb,0.8,2.1,0,0,0,1.4,0,0,0,0,3,0,0,0,0,0,0,3.1,0,0,0,0,0,0,0,0,8.1,0,0,0,-9999999,0,1.4,0,0
15-Feb,0,5.9,0,0,0,0,0,0,0,0,0,0,0,0,0,0,0,0,0,0,0,0,0,0,0,0,1.2,0,0,0,-9999999,0,1.2,0,0
16-Feb,16.4,1.6,0.1,0,0,0,0,0,0,0,4,0,0,0,20.8,13.5,0,0,0,0,0,0,0,0,0,0,0,0,0,0,-9999999,0,0,2.8,0
17-Feb,3.4,8.2,0,0,0,3.1,0,0,0,11.6,0,9.5,0,0,0,10.4,0,0,0,0,0,0,0,13,0,0,0,0,0,0,-9999999,0,0,6,0
18-Feb,3.1,3,3.6,0,0,0,1,0,0,5.6,0,0,0,4.2,0,2,0,14.4,0,0,0,0,0,0,0,0,0,0,0,0,-9999999,0,0,0,1.2
19-Feb,0,1.8,9.7,0,0,0,41.5,0.2,0,0.4,0,0,0,2.3,0,0,0,0,0,0,0,0,0,17.2,0,0,0,0,0,0,-9999999,2.6,0,0,0
20-Feb,0,0,0,0,0,0,1.5,0,0,0.6,0,0,0,0,0,0,0,0,0,0,0,0,0,0,0,0,0,0,0,0,-9999999,0,0,1,1.4
21-Feb,0,0,0.6,0,0,0,21.5,0,4.4,45.3,0,10,0,0,0,1,0,0,0,0,0,0,0,10.5,0,0,0,0,0,0,-9999999,0,2.6,15.2,0
22-Feb,0,0,0,0,0,0,0,0,3.8,3.5,0,0,0,0,0,0,0,0,0,0,0,0,0,0,0,0,0,0,0,0,-9999999,0,0.2,5,0
23-Feb,0,0,0,0,0,0,1,2,0,1,0,0,0,17.5,0,0,0,0,0,0,0,0,0,7,0,0,0,0,0,0,-9999999,0,0,0,0
24-Feb,0,0,0,0,0,0,0,0,0,14,0,0,1.2,0,0,0,0,0,0,0,0,0,0,0,0,0,0,0,0,0,-9999999,0,0,0,0
25-Feb,0,0,0,0,0,0,0,11.6,0,21.6,0,0.8,9.4,0.4,0,0,0,0,0,0,0,0,0,0,0,23.8,0,0,0,0,-9999999,0,0,0,0
26-Feb,0,0,0,0,0,0,0,0,0,1.2,0,0,0,0,0,0,0,0,0,0,0,0,0,0,0,7.1,0,0,0,0,0,0,0,0,0
27-Feb,0,0,0,0,3.5,0,0,0,0,0,0,0,0,0,0,0,0,0,0,0,0,0,0,0,11.2,15,0,0,0,0,-9999999,5.8,0,0,0
28-Feb,0,0,0,10.3,0,0,0,0,0,16.2,0,0,0,0,0,0,0,0,0,0,0,0,0,0,0,0,0,0,0,0,-9999999,0.2,0,0,0
29-Feb,,,,3.1,,,,0,,,,0,,,,0,,,,0,,,,0,,,,0,,,,0,,,
01-Mar,0,0,0,13.2,0,0,0,0,0,9.4,0,0,29.4,3.1,0,1,0,0,1.5,0,0,0,0,0,0,0,0,0,0,0,-9999999,0.8,0,0,0
02-Mar,0,0,0,0,0,0,0,0,0,0,0,0,6.1,0,0,4.5,0,0,6.5,0,0,0,0,0,0,0,0,0,0,7.1,-9999999,0.4,0,0,0
03-Mar,0,0,0,0,39,0,0,0,0,0,0,0,0,0,0,0,0,6,0,0,0,10.1,0,0,1.3,0,7.9,0,0,4.5,-9999999,0.2,0,0,0
04-Mar,0,0,0,0,3.9,0,0,0.9,0,0,0,5.1,0,0,0,0,0,0,0,0,0,14.2,0,0,0,4.3,10.6,0,0,0.3,-9999999,0.2,0,0,0
05-Mar,0,0,0,0,9,4.8,0,0,0,0,0,4.4,0,0,0,0,0,0,0,0,30.2,0,0,0,0,18.2,17.8,0,0,0,-9999999,4.2,0,0,0
06-Mar,1.4,0,0,0,18.4,2,6.8,0,2.3,0,0,0,5,0,0,5.2,0,0,2.4,0,36.8,6.6,0,0,0,0,0,0,7.3,0,-9999999,1,0,0,0
07-Mar,0,0,0,0,9.1,0,0,0,0,0,0,0,0,0,0,5.5,0,0,9.5,0,0,20.4,0,2.1,0,8.1,0,0,0,0,-9999999,0.2,0,0,0
08-Mar,0,0,0,0,2.2,0,0,2.2,0,0,0,0,0,0,0,0.7,0,0,2,0,0,16.1,0,0,0,3.4,0,0,0,0,-9999999,0,0,0,0
09-Mar,0,0,0,0,0,0,0,56.1,0,0,0,0,13,0,0,9.5,0,0,1.5,0,0,16.5,0,0,0,0,0,0,0,0,-9999999,0,0.2,0,0
10-Mar,0,0,0,0,0,0,0.8,4.8,0.3,0,0,0,0,0,0,1.3,0,0,10,0,0,7.1,0,35.5,0,0,0,0,2.1,0,-9999999,0,0,0,0
11-Mar,0,0,0,0,0,0,0,0,3.4,0,0,0,2.5,0,0,1.5,0,0,0,0,0,0,0,0,0,0,34.2,0,0,0,-9999999,0,5.6,0,0
12-Mar,0,0,0,0,0,0,0,0,10.7,0,0.4,0,0.1,0,0,13,0,0,4.5,0,0,0,0,0,0,2.1,4.1,0,0,22.5,-9999999,0,0.8,0,0
13-Mar,0,20,26.8,0,0,2.8,0,0,14.6,0,0,0,6.4,0,0,0,0,0,24,0,0,0,0,17,0,3.1,0,0,0,7.1,-9999999,0,3,14.4,0
14-Mar,0,0,2.5,0,0,2.1,2.2,38.9,0,0,0,1.8,9,0,0,28,0,0,0,0,0,0,0,0,0,0,0,0,0,18.1,-9999999,0,0,36.4,0
15-Mar,0,6.9,0,0,0,1,0,5,0,0,0,12.2,0,1.1,0,31.6,0,0,0,0,0,0,0,3.5,0,0,0,0,0,11.2,-9999999,0,0,23.4,0
16-Mar,0,8.2,0,0,14.6,0,0,0.7,0,0,0,1.6,0,0,0,0,0,0,0,0,0,4.3,0,7.5,10.3,0,0,0,0,0,-9999999,0,0,1,0
17-Mar,0,0.2,0,0,0,0,0.7,1.5,0,0,0,6.8,0,9,0,0,0,0,0,3.2,0,7.2,0,0,0,0,0,0,0,0,-9999999,0,0,0,0
18-Mar,0,0,0,0,0,8.9,12.5,0.5,0,0,0,1,0,20,0,9,0,0,0,0,2.3,0,0,0,4.5,0,3.1,0,0,0,1.6,0,0,0,0
19-Mar,0,0,0,21.5,0,2.8,0.8,0,0,0,0,2,0,26.4,0,3,0,0,0,0,4.1,5.8,0,0,5.3,8.7,0,0,0,26.1,0.2,0,1.2,0,0
20-Mar,4.2,0,0,9.2,3.5,0.3,4.6,2,0,0,0,0,0,1.6,0,0,0,5.6,0,0,0,0,0,5.1,9.1,0,0,0,30.9,9.1,13.4,0,14,0,0
21-Mar,0.4,0,0,0,1.9,4,0,14.4,0,0,0,0,0,2,0,0,0,0,0,0,0,0,0,0,17.4,0,0,0,0,0.6,12.2,0,13,0,0
22-Mar,0,0,0,0,0,1.9,8.4,4,0,0.8,2.1,0.9,1.5,4.5,0,0,0,0,0,0,0,0,18.5,0,0,0,0,0,0,0,1,0,14,0,0
23-Mar,0,2.5,0,4.9,0,0,0,0,0,2.1,6.4,13.5,0,0.4,0,0,2.5,0,0,0,4.1,0,7.5,0,0,1.3,0,0,0,0,2.6,0,4.6,0,0
24-Mar,0,0,0,24.3,0,0,20.7,1.4,0,4.5,1.5,5.5,1.1,0,0,0,7,0,0,0,3.8,0,3.1,17,0,4.3,7.6,0,10.7,0,8.6,0,0,0.8,0.4
25-Mar,0,0,0,0.6,0,0,5.2,0,11.9,1.6,0,1.8,0,31.8,1.5,0,0,0,3.4,1,27.1,8.5,0,8.5,13.1,13.7,1.2,0,0,0,0.2,0,0,39.6,1.8
26-Mar,0,0,0,16.3,0,7,2.2,0,18.9,0,0,0.7,0,2.6,3.2,11,2.5,0,0,0,0,10.5,0,0,7.3,4.3,0,0,0,31.1,0,0,0,28.6,0
27-Mar,0,0,0,28.7,0.8,0,0,0.5,0,0,0,0,0,10.1,15.3,9.6,9.9,0,6,0,6.3,0,9.1,0,10,13.7,0,0,0,18.7,0,0,0.2,45.2,0.2
28-Mar,11,0,0,4.1,0,0,0.5,0,23,0,0,7.3,0,7,1.1,0,42,0,5,0,17.3,0,8.7,0,6,2.1,0,0,13.7,7.1,0,0,1.2,0,0
29-Mar,2,0,0,0,0.4,0,11.4,1,54.2,0,0,0.6,0,4.7,15,21.2,8,0,0,0,0,0,0,0,0,22.1,3.1,4.7,18.7,0,0,0,23.6,3.4,6.2
30-Mar,24.3,2.1,0,17.2,0.4,0,35.7,7.2,1.3,17.7,0,0,0,0,10,0,0,0,0,0,8.8,0,38.5,0,0,3.4,0,11.7,26.1,0,0.4,0,4,0,26.8
31-Mar,23.8,7.2,0,47.8,0,0,0,8.9,27.1,3.5,1.9,0.1,0,0,0,0,0,0,0,0,0,0,0,0,0,7.5,0,0,4.1,0,12.8,0,22.4,0,4.2
01-Apr,8.5,67.6,0,0,0,0,0,0,4.3,5.1,2.8,0,0,0,0,15.5,0,0,0,10,0,0,0,0,0,13.9,0,0,22.1,0,2.2,5.2,22,0.6,24
02-Apr,0,0.7,0,0,13.5,1,0,0,2.5,0.8,4.6,0.7,0,0,0,6.5,26.7,0,0,0,2.7,6,0,0,0,18.1,0,3.2,0,0,0.4,0.4,1,2.6,0.2
03-Apr,0,0,0,0,4.5,0.3,0,0,0,17,1.5,2,0,3,0,0,6.5,0,0,2,0,0,0,0,0,3.1,10.2,8.7,0,18.6,0,0,0,0,5
04-Apr,5,0.2,0,1.9,0,0,3.1,0,1.1,3,0,7.6,0,1.4,0,1.5,30.2,0,0,0,0,0,0,14.5,24.3,31.7,13,20.3,0,22.3,1.6,0,20.6,1.6,22.6
05-Apr,38,2.3,12.6,0,2.6,4.7,63.4,23.3,0,31.1,10.2,9.2,0,2,0,0.6,13.2,4.7,0,0,3.8,0,0,11.5,26.5,9.6,18,3.1,27.1,16.1,2.8,0.2,8,0.4,18.2
06-Apr,7,0,5.6,5.7,6.1,0.2,35.7,36,15,0,14.9,1,0,5.3,4.4,0,5,8.9,0,0,9.2,0,0,0,7.8,8.7,0,0,0,35.1,0,0,0.6,4.6,8
07-Apr,0,11.8,0,1.2,0,3,82,1.5,0.2,0,0,30,0,2.4,9,7.5,5.8,0,0,0,7.7,0,0,0,0,11.8,0,0,0,0,0,0,7,6.6,1.8
08-Apr,0,3.9,0,2.2,22,2.3,9,0.8,11.2,36.6,0,69,0,0,10.4,0,6.3,0,10.5,0,8.3,0,0,31.5,0,7.1,0,21.3,0,0,0,0.2,5.8,2.2,1
09-Apr,0,0,0,19.4,4.9,12.3,24.3,5.6,7.7,16.8,7.3,1.8,90,0.9,0,2.2,23.4,2.7,4.2,0,0,2.5,0,13.1,0,0,9.1,40.1,18.7,0,1.4,0,12.6,0,10.8
10-Apr,28.1,0.2,0,18.7,11.9,0,0,9.7,0,3.4,36.1,1.2,0,12,0,0,0,10.3,0,0,0,0,0,10.5,0,0,7.7,7.1,15.1,0,0.2,8.8,0.6,0,0
11-Apr,8.9,0,5.9,2.8,1.5,15,0,2,2.1,2.9,0,0,0,2.9,5.3,0,0,10,0,0,0,11.3,9,0,0,3.4,6.1,0,7.7,17.4,0,1.4,0.4,0,4
12-Apr,47.1,7,0,0.3,0,5.8,0,0,0.4,21.9,17.2,0,0,0,4.6,0,0,5.4,0,0,0,9.8,2.1,0,0,8.7,0,0,13.7,11.6,0,6.2,7,14,0
13-Apr,0,0.4,0.8,35.3,2,4.4,0,16.1,0,1.9,0,0,0,1.4,0.1,0,0,0,0,0,0,10.1,3.2,16.7,0,0,0,0,0,9.1,0,11.4,20.2,1.2,0.6
14-Apr,6.5,15.2,28.5,0,33.2,13.8,0,44.4,0,5.8,0,0,0,0,2.3,36,0,0,0,0,0,8.8,7.5,22.5,0,0,0,9.7,0,11.8,0,0,23.4,0,0
15-Apr,1.9,1,4.5,0.1,1.2,0,0,0,0,23,0,0,0,0.6,5.2,14.7,0,0,2.4,3.1,0,0,10.7,0,3.3,0,0,13.2,0,3.1,0,0,0,4.2,0
16-Apr,1.4,2.3,2.3,0.3,4.3,0,0.9,32.4,0,0.6,0.4,0,0,0,0,8.2,2,0,6.5,2.1,0,0,0,0,4.3,3.1,0,33.5,0,0,0,3.2,0.2,6,12.6
17-Apr,7.8,8.7,20.4,1.9,5.5,0,0,4.3,0,0.7,1.4,0,0,0,0,8,22.3,0,20.5,0,0,0,0,0,0,0,0,0,0,0,0,25.8,0,0,0
18-Apr,7.5,12,3.6,1.6,19.2,0,0.6,37.2,0,0,0,0,0,2.2,0,46,0,0,2,0,0,0,3.1,14.2,0,0,0,0,0,0,0,10.8,17.2,0,1.8
19-Apr,0,63.2,4.4,1.8,2,2.1,0,1.2,0,0.4,0,0,2.2,10.4,0,1,0,0,0,0,0,0,5.8,17.1,0,0,22.1,0,22.3,0,0,21.6,1.2,0,20.8
20-Apr,0.4,22.1,5.9,5.2,0,26.1,0,19.7,0.4,0,0.6,0,0,36.5,2.5,12,22.1,0,0,0,14.5,0,17.3,27.9,0,0,14.1,11.5,26.1,14.7,1.4,4.8,6.4,0,1.8
21-Apr,18.8,15.1,3.3,0.7,4.8,40,0,12.2,0.9,0,0,1.9,0,0.7,0,0.3,10,8.5,0,0,10.2,0,0,0,0,0,17.1,33.1,7.1,19.3,3.2,0.6,15.4,0,0
22-Apr,4.2,3.3,0,0,14,3,0,8.9,0,1.7,0,2.6,0,24.3,0,0,2.4,0,2.4,10.7,0,0,27.9,0,0,46.6,16.3,8.1,3.1,27.4,0,0.2,0.2,0,4
23-Apr,4.3,3.8,0,11.8,0,2.7,0,3.5,45.8,0,1.7,0,2,10.4,30,0,29.3,0,9.5,15.1,0,0,22.7,3.7,0,12.4,0,3.3,0,24.3,18.2,20.4,1.8,6,0
24-Apr,3.8,16.4,0,5.6,22.6,1.5,0,17.2,1.3,28.2,0,1.4,0,0.8,37,0,10,0,10,0,0,0,19.2,0,5.8,5.1,0,0,0,6.6,0.4,8.8,19.4,0,0.4
25-Apr,10.5,28.1,14.5,23.1,0.2,25.3,0,0.8,2,16.3,0.6,2.4,0,24.7,26.7,0,3.5,0,24.5,2.1,3.1,24.6,26.3,0,11.4,3.1,0,0,8.5,0,0,3.2,1.4,0,17
26-Apr,0,16.2,11.3,0.1,0.5,7,0,11.8,4.8,4.5,0,0,0,31.1,0,3,0,0,3,5.4,0,8.3,28.1,0,9.3,0,3.7,0,6.1,0,0,0,0,0.2,11.8
27-Apr,0.2,23.2,0,0,9.1,5.6,4.8,0,1,12.7,0,34.9,0,35,35.5,0,0,0,15,0,8.5,10.7,3.8,0,0,10.1,0,17.9,0,3.1,31.2,26,15.2,15.2,54
28-Apr,0,5.4,3.6,0,2.3,7,0.6,49.6,0,8.3,0,8,0,0,26.4,5.5,8.2,2.5,25,0,0,21.2,13.2,10,0,22.7,0,25.1,0,6.8,14.2,28,29.4,0,0
29-Apr,0.1,3.2,0.3,0,0.5,0.3,0,19.2,0.9,29.2,0,3.3,0,5.6,5.8,1,20.3,0,0,20,0,2.1,9.7,0,7.1,12.3,0,26.2,32.3,13.1,0,10,10.2,0,0
30-Apr,0,2.1,0,2.1,4.1,2.8,21.8,10.4,0.1,0,4.3,28.3,0,10.7,11.4,0.5,37.2,0,0,0,0,2.3,11.3,0,18.3,7.5,0,0,7.5,14.1,8.8,15.4,10.8,0,3.4
01-May,0,13.2,3,0,0,0,5.4,0.5,1,3,0,2.5,20.5,1,8.5,8.8,0,0,6.5,2,0,4.5,8.7,17.5,10.5,0,0,22.7,10.1,8.6,0.2,27,6.8,6.6,0.6
02-May,0,2.1,0,0,0.5,6.4,2.5,0,0,34,8.2,10.7,1.5,0,3.8,0,0,18,0,2.2,0,10.8,5.2,0,7.3,0,0,8.4,0,17.1,1.8,0,3.4,0,14.8
03-May,0,0.6,0,0,0,0,0,3.1,0,0,28,3.8,15,0,0,0,0,0,0,0,0,7.5,12.3,16.7,11.8,0,0,3.1,0,4.2,19.2,29.4,61.2,0.6,1
04-May,0,2.5,0,6.1,4.3,1.4,20.8,0,0,0.2,0,2,4.6,0,0,0,0,0,17.3,0,0,5.7,3.1,0,9.3,11.3,7.8,0,0,0,6.6,20.8,12.2,0.6,8
05-May,5.9,40,0,5.5,2,17.1,0.1,0.6,0.5,0,7.9,42.7,21.2,0,0.6,21.5,0,0,0,0,0,15,2.5,0,8.7,3.4,10.1,0,18.1,0,3,31.4,2.6,15.8,0.6
06-May,0.4,13.3,0,74.8,12,16.7,0,1.5,2.6,0,0,16.2,26.9,5.2,0,0,0,17.8,0,7.5,3.8,10,0,0,20.7,0,20.3,0,22.4,0,10.4,4,1.2,0,0.6
07-May,17.2,31.8,3.3,15.3,2.9,19,19.9,15.4,16.5,3,8.4,0,28.7,3,0.7,2.2,0,33,0,0,0,0,0,0,22.3,3.4,0,0,27.8,0,1.2,26.8,14.2,1,0.8
08-May,4,7.5,8,12.9,4.8,6.1,17.7,0,0,4.3,14.1,2,9.4,0.4,6,0,0,7.6,0,2.1,0,0,0,16.3,0,2.1,0,0,0,7.7,17.6,6.6,21.8,23.8,4
09-May,3.8,13.4,26.3,2.9,0,14.7,8.2,7.1,0,7.6,0,0.4,0,0,0,24.5,0,4,0,6,4.8,3.1,5.1,4.2,0,0,0,33.4,0,21.3,0.2,4.4,4.6,12.4,11.6
10-May,0.7,16,10.7,14,1.8,0,13.4,0,0.6,0,0.4,2.9,0,0,15,0,0,5.2,0,37,3.7,9.4,26.2,0,0,0,11.5,9.2,0,9.1,0.2,13.4,9.8,10,3.4
11-May,9.5,5.2,0,3.1,11.9,15.3,0,0,1.4,0,0.9,23.8,15,0,14,0.8,16,40,11.1,0,7.5,10.3,8.7,3.1,0,0,17.1,14.1,10.1,0.7,1.2,0,18,11,8.6
12-May,8.5,0,1.5,6.1,0,6.1,31.3,36.8,1,21.7,10,9.8,8.5,0,15,24,0,0,0,0,4.4,0,14.5,0,0,0,3.1,31.1,33.7,0,0,6,0,17.4,0
13-May,6.1,0,0,8.5,0,25.8,6.2,24.9,16,0.5,0,38.4,15.6,0,1,0,0,0,0,0,22.1,0,1.9,0,7.8,3.1,0,0,9.6,0,0,4.8,0,6.8,13.2
14-May,6.7,9.5,19.1,0.2,0,12.7,8.1,1.5,1.3,7.9,14.2,16.5,0,3.7,12.2,1,10.5,2.5,0,0,0,0,0.5,0,10.7,6.5,0,0,11.1,0,0,31,0,9.6,10
15-May,66.5,12.1,20.5,30.1,2.2,13.3,2.8,0.7,4,0,7.8,0.4,3.6,3.7,0.6,0,1.5,6.4,0,5.4,28.4,0,0,0,9.3,3.1,0,0,12.7,0,2.2,3.6,0,0.8,0.4
16-May,1.1,0.5,16,1,1.8,31.4,12.6,11,1.6,0,0,3.6,14.4,20,0,4.5,0,4.3,0,0,0,0,0,0,0,2.8,20.1,0,0,8.7,0,31.8,0,0,3.2
17-May,4.8,0,11.4,0.7,0,0,0,0,2,7.6,2,0,19.6,0,1.5,0,0,0,90.3,0,1.3,2.5,0,0,0,0,19.1,0,0,19.3,0,24.2,0,0.6,0
18-May,1.1,0.1,6.5,2.2,1.9,0,0,4.6,0,7.6,0,0,0.8,1.1,9.8,0,0,0,0,0,0,0,0,0,0,0,3.1,22.1,0,29.1,4.4,2.2,0,0,19.4
19-May,59.4,5.6,14.3,0.2,17.2,0,4.4,10,0,16.1,0,0.8,7.7,0,0,0,0,0,0,0,7.9,0,0,0,7.1,0,0,14.1,0,26.1,0,2.4,0,22.2,0
20-May,0,0,12.6,0.2,1.7,0,19.5,36.4,1.3,0.9,0,5.3,0,0,2.5,0,0,0,0,0,0,0,2.1,8.3,0,0,0,32.3,0,0,4.4,11,0,3,0.2
21-May,6,0,0.4,2.4,24.5,36.2,7,10.7,12,17.5,0,3.5,4,0,0,0,0,46.7,0,0,2.8,19,0,7.5,14.2,3.3,0,0,22.1,0,20.4,4.4,0,7.2,0
22-May,0,0,0,16.2,20.4,0.5,0,20,6.2,21.7,0,32.8,12.1,0,0,0,0,0,0,0,0,0,0,8.8,15.1,4.5,0,0,15.1,9.3,1.2,0,2,16.2,7.2
23-May,1.5,30.1,0,1.1,7.1,13.7,0,21.6,0.7,2.5,27.2,7.3,1,3.2,0,0,0,0,0,0,0,0,0,0,1.7,15.5,0,0,0,0.4,0,0,0,1.2,2
24-May,3,1.2,29.1,0,0,0,0,0.7,11.6,70.5,1.5,0,1,8.2,0,0,0,0,0,5.6,0,0,0,7.3,0,0,8.5,0,0,3.3,4.4,32.2,0,9.2,0
25-May,5.3,10.2,3,0,0,0.7,0,6.6,0,1.2,15.3,0,0,5.3,18,0,4.5,0,7,3.2,0,0,0,17.5,0,0,7.9,14.1,7.1,4.8,1,2,0,24.2,1
26-May,4.4,1.5,0,2.7,7.5,1,0,0,0,2.8,9,0,2.6,0,7.2,0,0,9,0,0,12.2,0,0,0,10.4,0,0,22.2,32.8,12.7,8.6,5.2,0,0,0.2
27-May,7,9,14.8,0,0.1,0,0,0,11.7,3,1,3,4.2,5,0.5,0,0,0,0,7.2,6.2,2.3,0,0,13.4,2.7,0,0,14.7,0,0,0,0.6,7.2,7.6
28-May,3.5,0,3.2,0,0,0.1,0,2.4,0,1.5,0.9,0,33.3,13,4.4,16.2,0,0,0,0,0,0,0,0,22.3,15.9,0,0,0,0,15.4,4.6,0,0,0
29-May,34.9,3,0,0.1,0,4.9,0,21,1.8,0,0.9,0,3.6,1.7,0,0,0,0,5.4,0,22,0,3.5,0,16.8,9.1,0,0,0,0,0,17.6,0,0.8,9.2
30-May,4.6,6.9,9.8,0.7,21.5,0,0,5,15.1,1.1,0,6.6,0,0,3,0,0,0,0,0,13.1,0,0,0,0,3.2,0,10.1,0,25.1,0,0,0,3,2.2
31-May,3.6,3.7,11.1,2.8,1.3,8.2,2.9,0,1.6,0,7.2,3,0,2.5,3,0.6,0,0,0,0,0,0,0,25.5,0,0,0,0,0,0,0,0,0,6.6,13
01-Jun,0,0,0.1,16.8,0.3,0,4.9,0,0,0,3.5,1.2,0,0,10.6,0,0,12,0,0,13.4,9.3,0,0,0,12.1,8.7,0,10.5,0,3,0,5.4,0,0.4
02-Jun,0,0,0,14.6,0,2.2,0,0,12,2.3,2.3,0,0,13.6,0,0,0,2,0,0,4.3,0,0,0,0,0,10.1,0,3.4,11.8,0,4.4,0,13.6,3.4
03-Jun,0,0,0,6.4,0,10.7,1.4,0,0,0,0,10.5,0,0,20,0,2.1,0,0,3.4,0,2.3,0,0,0,0,22.1,19.3,0,15.2,0,0,0,0,0.6
04-Jun,28.5,17.7,4.2,0.7,0,0.7,0,4.1,0,0,19,0.4,18.5,0,0,0,5.2,23.3,0,0,4.6,0,1.5,2.1,0,0,3.1,11.1,0,7.4,0,4,0,16.8,0
05-Jun,13.4,0,3.7,4,0,0,1.5,0,8.8,2.9,36.4,8.4,10,1.3,2,6.1,0,0,0,0,0,0,0,24.6,0,3.1,0,7.5,0,10.6,0,0,8.2,16.6,6.4
06-Jun,2.6,0,0,14.8,9.4,14.4,0,0,20.6,0,0,1.6,0,0,0,0,3.2,9,0,2.9,6.6,0,0,0,0,2.5,0,13.1,11.7,0,11.4,0.4,1.6,5.2,0.4
07-Jun,0.1,1,0,0.7,0,2.3,0,10.2,0,1.7,0.8,2.1,1.1,6,0,59.6,5.9,28.4,13.1,0,0,0,16.2,0,3.7,0,11.8,0,14.7,0,1.8,19,4.6,1.8,11.8
08-Jun,0,0,0,0,0.1,1,3.2,0,0.5,11.5,6.6,21.8,3.9,0,0,0,0,0,0,9,0,0,17.2,2.4,8.2,0,33.7,0,26.2,0,0.2,0,0,0.2,0
09-Jun,0,0.3,0,11.8,0.2,3.7,0,6.5,6,0,0.8,0,0,0,0,0,0,0,0,0,4.4,0,9.5,1.3,0,0,19.8,0,0,0,0,0,0,2.2,0.2
10-Jun,0,0.6,0,4.7,1.5,0,4.6,4,77.2,27.1,1.6,0,0,0,6.8,0,0,0,0,0,0,0.5,0,0,0,0,7.1,0,0,18.1,25,13.6,0,6,0
11-Jun,0,0.6,1.4,0.2,10.6,14.3,0,0,0,0.2,1,8.6,4.4,0,0,1,6.2,2,14,0,0,0,0,0,0,2.8,12.3,25.7,0,26.3,2,4.8,5.2,13.8,0
12-Jun,0,13,19.1,0,0,0.5,8.8,8,5.7,0,3.8,1.4,0,0,0,3,2.1,0,33,1,0,0,0,10.1,0,0,0,18.6,3.1,28.1,1.4,0,0,0,1.2
13-Jun,0,17.6,42.5,8.7,0,0,18.2,5.4,2.1,3.1,1,6,0,0,6,0,3.5,0,0,1.5,7.1,0,3.1,0,0,0,2.1,10.8,4.5,7.1,3.2,0,34.2,1.2,3.6
14-Jun,0,1.6,0,0,9.8,0,4.3,0,0,0,0,0.4,2.8,0,48.4,1.2,28,0,17.1,0,28.2,0,10.2,0,0,0,17.3,0,0,0,0,0,0,9.6,0.6
15-Jun,4.4,3.1,0.9,5.7,5.4,0,0,2.9,1.6,19.1,10.6,0,11.6,2,0,0,0,0,0,0,0,2,0,0,0,0,10.5,0,0,0,0,3,0.6,13,25.8
16-Jun,0.6,4.3,0,11.8,15.1,0.3,33,0,4.7,17,0,22.3,0,0,0.2,0,0,0,0,0,0,0,0,0,0,0,0,0,0,0,0,0,0,0.6,0
17-Jun,0,0,0,24.4,0,0.9,0,0,0,0,0,0.8,6.5,0,0,0,0,0,0,0,0,37.1,0,3.1,0,11.7,0,27.8,0,3.1,0.4,4,0.2,0,0
18-Jun,0.4,0,1.1,9.5,0,38,0,0.7,8.2,0,0.6,3,1.1,28.2,0,0,0,0,0,0,0,0,4.1,0,3.1,2.7,0,13.5,27.1,10.7,0,0,1.2,0,0
19-Jun,0,0,0,16.8,10.6,0,0,3.3,0,3.2,0,0,0,0,0,15.1,14.5,0,0,8.5,3.1,0,0,0,9.1,12.5,9.2,22.8,9.9,4.1,2,0.8,1.8,0,2.4
20-Jun,0,1.1,6,8.5,0,0,0,5.2,0,1.1,17.4,0,19,2.6,19.2,1.5,0,0,0,7.5,0,0,0,0,7.6,0,6.1,8.8,24.1,2.3,1,17.2,5.8,0.2,12
21-Jun,3.5,6.2,0,3.2,17.3,0,0,0,0,24.6,0,0,0,0,0,0,0,13,10.1,20,0,0,0,10.1,1.5,0,14.2,0,0,0.6,20.6,27.6,2.2,4,5
22-Jun,0,4,5.4,2.7,0,0,0,0,0,0,2,0,0,10.8,0,0,0,0,0,0,0,0,3.8,16.3,0,0,0,0,0,0,0.6,30.8,1.6,2.8,13.2
23-Jun,0,0,4.7,1.1,0,0,15.5,0,0,0,0,0,8.5,0,0,0,0,0,3,0,0,24,7.2,0,0,0,0,0,0,0,0.2,0.4,0,0,2.8
24-Jun,14.4,4.9,0,0,0,0,0,0.7,1.4,0,0,0,0.4,0,31.4,0,6.4,0,0,7,0,0,2.5,0,0,0,7.1,6.6,13.1,0,0,5.8,5,0,1.4
25-Jun,1,0,9,2.6,0,0,0,0,0,0,0,7.1,8.2,1.7,0,0,1.8,36.4,0,16,2.3,10,0,0,0,10.8,4.4,5.8,8.3,0,1.4,0.2,0.8,1,0
26-Jun,0,1,8.8,0,0,9.6,0.6,0,0,7.8,0,3,0.4,0,5.9,12.2,16,0,6,3.1,13.1,4.8,27.3,0,2.1,17.7,0,13.6,21.1,0,3.6,46.2,0,0.2,26.6
27-Jun,4.8,7.3,0,0.5,1.6,12.6,0,5,0,38,2.2,0,0.8,6,0,24,0,0,0,0,3.7,0,0,3.3,0,0,0,20.7,0,0,3.2,19.2,0,0,7.2
28-Jun,20.9,24.4,4.6,0,0.9,0,4.3,6.6,0,4.2,0,0,9.4,8.7,0,0,0,12,10.1,9,0,7.1,0,0,0,0,0,0,0,4.1,8.8,1.6,0,0,1.2
29-Jun,0.9,0,0.9,0,29.4,5.9,1,16.9,0,0.6,5,0.5,0,9.5,0,0,0,0,9,0,7.9,0,0,1.2,0,0,0,0,0,0,0,2.4,0.2,7.2,0
30-Jun,0,0.9,5.1,0,0,0,3,0,0,0,4.7,2.6,0,0,0,5.6,0.3,0,0,0,0,2.5,0,0,0,0,0,3.8,0,7.1,0,0,2.2,4,0
01-Jul,2.3,0.6,0,0,0.3,0,0,6.8,0,0,3.7,0,25.6,0,0,0,4.3,0,0,9.3,10.1,0,0,0,0,0,8.1,7.6,0,0,0,3,6.6,2.2,6.6
02-Jul,24.1,3.6,4.7,5.2,0,0,0,6,1.2,1.2,19.2,0.9,0,6,0,10,37,0,0,0,0,0,26.1,0,17.1,0,0,7.7,0,0,0,0,3,0.4,5.4
03-Jul,0,9.4,12.7,0.8,0,0,10.9,5.4,0,0,3.2,0.7,0.8,2.2,4.7,0,0,0,0,0,9.5,0,6.1,2.5,3.1,0,0,0,10.7,0,6.8,3.8,0,1.6,0
04-Jul,0,0,0,4.5,3,0,28,17.4,12.5,0,14.5,0.4,0,2.1,0,0,0,0,0,15.5,0,0,2.8,0,0,0,0,0,27.7,0,0.2,0,3.4,6.4,0
05-Jul,6.6,2.7,0,0,0.5,0.3,0,0,15.7,4,5,3.2,0,5.2,0,0,0,0,0,0,0,0,0,0,8.7,0,11.2,0,13.2,18.9,2.2,0,0,7.6,0
06-Jul,0,1.2,1.6,0,4.3,0.4,2.7,8.9,0,4.5,0,1,2.2,4.4,4.5,1.7,0,12,0,0,0,0,0,3.1,0,0,13.1,0,0,12.3,5,1,0,0.8,0
07-Jul,0,0,0,0,4.1,8,32,0,3.8,1,0,0,1,15,0,0,0,0,20,0,7.3,0,0,0,0,0,0,0,0,9.4,3,0,0,0,0
08-Jul,0,0.3,0,4,4.8,1.8,7.5,0,0,3.5,5.9,0,0,0,0,0,0,6,19.6,0,18.1,0,0,0,1.3,7.4,0,0,0,0,1.4,0,0.8,36.8,0.2
09-Jul,3.2,0,0,0,0,8,8.9,0.9,2.2,0,0,0,2.4,16,12,0,5.2,3.2,0,0,11.3,0,0,0,6.5,4.8,0,20.5,3.9,0,0.2,0,9.4,0.2,0.2
10-Jul,0,0,0,3.2,6.8,7.4,5.6,0,0.8,0,0,0,0,0,2.5,3.4,1.5,0,16.4,0,0,16,0,0,0,0,14.3,25.5,17.6,0,6.4,7.4,1.6,0,0
11-Jul,26.6,0,0,0.5,8.6,0.6,3.6,0,0,10.1,0,0.5,1,0,6.2,0,0,4.3,0,0,0,0,1.2,0,0,8.1,7.6,10.1,11.1,0,9,3,0,0.4,0.4
12-Jul,0,0,0,0.6,40.8,8.5,7.3,0,1,1,3,12.4,0,4.4,8.6,0,0,5,4,0,6.1,0,8.3,0,9.7,0,6.6,0,0,3.7,3.2,0,0,2.4,0
13-Jul,0.7,1.8,0,0,0,0,9,1.3,1.1,21.8,9.8,3.1,1.3,8.6,2,0,0,37,0,0,10.2,7.5,0,0,0,0,9.3,0,0,3.9,0,1,0,0.2,0.6
14-Jul,0.2,11.7,11.9,2.4,0,0,18.5,0,0,11.3,6.5,0,1.1,0,2.5,0,0,3.7,0,0,0,0,12,0,0,0,0,0,0,14.1,0,0.4,0,0.6,0
15-Jul,1.6,0,5.5,1.6,0,0,4.8,3.3,11,9.8,24.6,7.1,3.4,10.2,50,0,0,0,0,0,0,0,0,23.5,0,2.8,0,0,0,0,0,5.4,0,6.8,0
16-Jul,0,0,0,1.7,0,0,12.6,0.5,11,0,26.8,0,0.7,22.4,0,0,2,8.5,0,0,0,2.7,0,17.9,0,0,0,0,0,0,0,0.4,0,0,0
17-Jul,0,3,2.1,7.1,9.6,4.4,3,0,1.4,2.1,2.8,0,6.5,0.7,1.4,0,1.2,4,0,0,17.2,11.3,0,10.5,0,0,0,0,0,0,0,0,0,30.6,0
18-Jul,11.5,4,1.3,0.3,0.1,0,32.3,0,1.6,0.9,5.6,0,6.8,0,0,2.5,0,7.5,0,0,0,0,1.1,11.3,10.5,0,0,16.7,17.2,10.8,0.2,0.6,0,0.8,0
19-Jul,7.9,0,4.1,14.2,0,9.6,0,18,8.7,22,7.2,10.3,2.4,0,9.3,0,5.2,0,8.1,0,0,0,5.3,1.3,0,0,19.3,24.3,28.1,32.1,0,3.6,0,6.8,1.6
20-Jul,0,0,0,13.8,1.6,5.6,0,1.9,18,3.7,1.8,1.1,7,0,0,0.4,0,0,17.7,0,16.8,0,17.7,0,0,0,15.1,17.1,0,22.1,0,0,16,0,9
21-Jul,4.7,0,0.1,1,0.8,0.4,0,4.3,1.6,3.8,0.4,3.2,20.5,0,0,0,1.5,0,11.1,31,18.6,6.5,3.7,0,0,0,3.7,0,0,9.3,0,0,0,0,9.8
22-Jul,4.8,11.2,3.4,5.3,0.6,0.8,3,0,25,1,0,0,16.1,0,5.5,7.9,35,0,0,0,22.4,0,0,0,8.7,0,1.2,0,0,0.7,2.4,0,0.4,13.8,52.4
23-Jul,1.5,14,0.3,1.4,16.6,1.1,0.4,0.4,0,0,8,11.4,3.8,0,3.5,6.5,2.5,6.7,0,11,0,0,0,0,10.9,0,0,0,13.2,0,1.6,0,9.2,0,3.4
24-Jul,3.7,0,0,26.8,1.1,0,0.3,11.5,0,11.4,2,3,2.2,8.4,0,0,2.4,3.4,9.5,0,18.7,9.3,0,0,31.7,9.2,0,0,6.7,0,0,22.8,0,15.2,12.2
25-Jul,4.2,0.6,0.4,0.5,7.5,0,0.7,3.1,0,0,0,0,1.1,0,25,0,21.2,0,11.5,0,0,0,0,17.3,0,7.3,0,0,4.1,0,0,1,3,14.8,11.4
26-Jul,9.7,0,3.5,16,0,0,1.2,23.5,1.2,15.1,25.1,1.4,1.4,7.2,0,0,0,13,0,0,22.1,0,0,2.4,0,6.2,0,0,33,0,10.6,0.2,9,0.6,14
27-Jul,0,0,0,0,16.8,27.1,1.1,1,0,2.8,4.5,2.3,6.7,12.4,0,9,4.5,17.4,0,0,17.1,0,0,0,22.8,7.8,10.9,3.3,0,9.2,0,0,9.4,10.4,1.8
28-Jul,3.2,1.7,0,0.2,0,7.4,0.5,5.8,0,3.6,0,11.8,0,0,17.5,10.5,10.1,0,0,0,8.9,0,0,0,33.5,2.1,11.3,8.4,0,3.1,0,0.2,0,7.2,0
29-Jul,9.4,0,6.4,7.6,6.9,5.1,23.6,5,3,13.4,3,0,5.7,0,0,19,6.2,23.5,0,0,17.1,4.1,0,2.1,8.2,7.8,0,4.6,0,0,0,0,23.2,8.2,5
30-Jul,5,18.6,1.4,0,0,5.2,29,0.1,0,11.7,14.3,0,27.3,0.2,0,0,0,8,0,0,9.3,15.3,0,0,8.4,0,0,0,0,0,40.2,0,5.4,0.8,2.2
31-Jul,0,11.9,0,0,1.7,0,9.1,0,0,8.5,12.3,0,4.5,0.6,0,9.1,0,0,0,0,0,0,0,0,0,4.2,3.1,22.3,16.1,12.6,12.6,78.8,19.6,1.4,9.6
01-Aug,0,7.8,0,1,1.9,0,3,20.2,14.3,0,0.7,7.4,0,0,2.1,24.5,7.4,10.7,0,17.1,17.5,0,0,0,4.5,0,7.2,11.4,10.3,22.1,6.8,0,1.2,1.8,1.4
02-Aug,4.2,0.5,6.2,0.6,5,0.5,2.5,4.1,19,0.7,0,1.3,5,3.1,4.3,0,21.5,2.4,0,4.4,20.5,19.3,0,0,5.6,0,0,0,2.5,7.1,2,0.2,17.6,7.2,8.2
03-Aug,15.1,8.1,0,5.8,8.7,0,0,22.7,0.8,0.6,21.3,9.2,0,0,0,0,1.5,26,0,0,0,0,0,0,4.2,12.2,0,0,0,0,0,15.4,2.8,6.8,2.8
04-Aug,2.5,0.4,3,1.1,10.1,2.8,0,6.4,2.1,0,5.3,0.6,0,0.8,0,0,0,3.4,3,0,0,8.3,0,0,7.3,12.7,0,0,0,0,15.2,0,9.2,36.6,0
05-Aug,33.2,0,0.4,2.2,0,0,1.8,4.5,0,10.5,13.9,1,0,3,0,0,9.5,3.8,0,0,0,7.8,16.8,0,0,10.2,11.5,0,17.1,0,0.8,17.2,0,6.4,17.8
06-Aug,0,0,4.2,0,0,0,7.9,4.7,0,8.4,6,1.9,0,0,39.8,0,0,0,0,3.1,5.1,21.5,22.5,0,0,8.6,18.9,0,6.6,3,6,0.6,7.2,5.6,0.2
07-Aug,1,1.3,0,10,0,41.9,0,11,10.5,0,15.4,2.6,3.5,0,0,2.7,10,0,0,11.1,0,10.3,17.1,0,26.2,9.3,7.1,30.1,0,2.5,0.2,0.4,2.6,0,14.2
08-Aug,3.9,3.5,7.8,6,0.2,0.2,0,3.2,0.6,0,9.7,0.5,7.8,0,7.9,0,1.2,0,0,17.3,0,0,0,0,0,19.2,0,22.3,0,0.9,1,0.2,2,30.4,0.4
09-Aug,11.2,2.7,13,0.4,8.5,3.3,2.5,7.4,0,0,0,7.2,0,1.5,9.2,0,1.5,27,20.2,0,22.1,8.5,0,0,0,5.8,0,11.1,0,0,1.6,7,12.2,1,5.8
10-Aug,1.4,39.8,6,0,6.8,0,4.7,0,2.5,0,0,0.8,0,14,0,24.2,4.5,17,6.1,8.7,8.3,17.3,0,28.9,3.5,7.8,0,16.1,0,0,11.4,13.6,0,0,0
11-Aug,0,0.6,1.7,0.6,2.4,0,0.9,11.9,5.2,0,1.3,15.3,0,2.5,0,3.8,0,2,8.2,3.1,0,0,8.9,10.3,0,6.1,8.1,0,13.7,0,3.2,0,8.2,0,0
12-Aug,21.2,0.3,1.2,2,0,0,2.8,14.8,1,10.1,4.5,0,0,12.5,0,2.1,0,0,0,11.3,0,0,0,21.5,0,4.3,0,0,24.8,0,0.8,1.2,0,14.8,0.6
13-Aug,1.1,0,0,0,17.8,25.8,7.3,0.1,7.4,17.6,2.2,0.4,0,1.7,10.2,24.2,0,6.5,7.2,0,0,0,26.7,0,3.1,3.1,0,0,0,17.8,0.6,0.4,9.6,7.8,0
14-Aug,29.1,13.2,0,0.6,8,0,8.1,3.6,0,0,0,0,30.6,1.2,20.7,5.8,0,0,0,10.1,0,0,4.5,31.5,5.2,14.3,9.7,0,0,22.3,29.2,0,0,5.8,0
15-Aug,0,4.1,3.3,3,0.5,13.4,13.4,0,0,0,7,1.1,5.9,0,0,0,0,0,8.3,16.3,10.1,0,0,0,2.1,24.7,8.3,3.3,0,35.6,0.6,0,0,13,0
16-Aug,5.9,3,1.5,0,0,0,0,0.1,1.6,0,6.7,35.6,0,6.2,0,0,0,0,0,0,9.7,8.3,9.8,13.2,7.2,16.8,3.1,8.1,0,4.1,27.6,1.4,0.4,2.8,1.2
17-Aug,0,0.2,8.8,0,0.7,0,7.2,24.7,6.6,0,6.2,6,0,0,0,8,0,12,0,7.8,0,17.5,7.3,17.1,0,1.8,0,0,0,0,0.8,0,9.6,6,0
18-Aug,0,7.2,16,0.5,2.3,0,0.8,0,3.5,0,1.2,0,0,8.4,23.8,0,0,2,0,2.1,0,0,0,6.2,0,0,0,0,0,0,11.2,0,5.2,0,1.8
19-Aug,25.1,21.2,0.8,1.1,0,0,2.5,1.7,1.8,0,7.3,0.4,0,0,0,0,11.5,16,0,0,0,0,0,0,0,0,7.5,0,0,0,13.8,0,0.4,4.2,0
20-Aug,21.5,11.4,5.2,0.2,0,0,14.5,5.7,0,11.5,35.4,19.7,0,0,0,6.4,8.2,17.4,0,0,0,4.7,7.9,0,4.1,0,11.3,0,28.7,0.3,0,0.4,2,0,0
21-Aug,4.2,2.5,12.5,7.1,0,27,13.3,24.4,11.4,5.6,15.7,0,8.1,22.5,0,33.5,0,2.5,30.1,11.2,0,0,0,7.7,39.1,3.1,4.5,0,37.5,5.1,0,22.4,5,0,7.2
22-Aug,0,5.1,0,0.2,0,9.3,7.9,0.2,8.5,4.6,4.2,4.4,1.6,0,0,1.3,0,0,13.1,3.5,1.3,9.3,0,9.3,3.5,0,0,7.7,24.2,11.7,0,0,13.2,2.6,4.4
23-Aug,2.3,3.9,5.4,5.4,0,0,7.6,39.7,0,0.5,33.5,0,0.4,12.5,0,14,0,14,0,25.3,0,0,7.8,0,0,0,0,41.1,0,6.1,16.8,34.2,10.4,0.8,20.6
24-Aug,8,0.5,8.4,1,0,0,0.9,13.4,0,0,2.2,2,2.1,15.4,13.3,10.7,0,3.2,3.1,0,0,12.4,7.3,0,0,0,0,13.1,0,0,0,0,17.8,0.6,0.4
25-Aug,0.4,0,15.7,2.8,14,5.6,1.7,0,1.2,3.1,0.6,0,3,21.2,0,9.5,0,4.5,0,0,3.1,0,11.1,0,0,0,8.1,6.1,0,0,1.4,0,0,4.4,0
26-Aug,2.5,16.4,2,0.4,6.2,0.8,22,8.6,0,1.4,7.9,0,0,0,0,14,22.4,6.5,0,40,0,0,6.2,7.8,5.2,0,7.7,0,0,0,2,15.6,7.2,0,8.2
27-Aug,0.6,0.6,1.4,3.4,2.6,0,0,0,2.6,0.4,1.1,0.7,16.8,0,1,35.6,0,22,0,11.5,0,0,0,10.7,33.4,14.7,10.3,0,13.2,10.7,0,34.2,4.2,3.6,0.8
28-Aug,11.8,0.4,19.6,23.6,7,19,1.6,1.1,0,0,2.3,0.6,0.7,0,2.6,16.7,0,11.6,0,2.8,6.1,0,0,4.5,9.7,0.5,0,0,0,22.1,31.2,1.2,1,49,0
29-Aug,18.4,0.4,0.2,0,9.6,0,12.4,0,7.5,0,0,0,29.2,0,0,0,0,5.4,4.5,0,10.5,12.3,0,0,0,0,0,0,0,9.1,16.2,0,3.6,12.8,0
30-Aug,12.6,0.1,0,0,0,18.1,20.6,0.2,0,0,6.4,1,29.1,20.8,9.4,12.5,0,10,5.5,0,0,11.7,0,0,4.1,0,0,33.4,18.3,3.5,4.2,0.2,0,4.6,0
31-Aug,0,0,0,0.3,8.5,6.8,0,0.1,0,1.3,1,5,19.6,0,0,0.8,0,9,0,0,0,0,0,0,2.7,0,10.1,3.3,3.3,0,0,4.4,0,0,11
01-Sep,0.5,2,0,5.8,5.2,0,0.9,3.2,8.5,2.5,10.6,9.2,6.4,0,0,0,0,0,7.5,0,10.2,0,0,5,0,8.1,25.1,10.1,9.2,0,65.2,0,0,2.2,2
02-Sep,1.5,0,0,4.6,0,0,0.7,5.1,0,2.1,0.5,4.5,14.2,8.3,2,0,0,0,8.1,0,0,0,14.7,0,0,7.3,18.3,1.1,7.1,11.2,9.6,10.8,1.6,0,0
03-Sep,5.1,9.7,11.5,7.6,0,0,1.5,0,0,4.8,3,2.7,8.1,10.4,6.4,0,0,12.4,19.7,0,0,0,0,0,0,0,7.5,8.8,0,4.1,3,18,0.4,33.6,0.2
04-Sep,1.9,17.2,3.1,0,0,0,1.3,0,0.6,5.5,0,2.3,0,0.8,0,0,0,0,11.3,10,0,0,0,4.3,0,0,0,0,0,7.1,1.4,12,0.2,0.4,9.2
05-Sep,1.7,13.2,8.9,0,0,0,1.4,0,29,0,1.4,5.4,0,25.5,0,0,0,0,1.1,0,0,0,0,0,9.1,0,0,0,0,0,0.8,4.4,1.2,2.2,15.4
06-Sep,0,38.5,10.5,0.9,0,0,0.9,0,3,0,1,0,34,28.2,0,0,0,0,4.5,0,10.7,0,7.2,0,9.7,0,12.8,3.3,3.3,0,13.1,11,11.6,12.2,0
07-Sep,0,3.8,0.1,0,0,0,0,3.5,0.4,10.7,8.5,0,2,26,0,0,0,0,2.1,0,6.1,0,20.1,0,0,7.1,10.5,2.4,9.3,0,11.3,1.2,0.4,11,1.4
08-Sep,0,11.7,22.8,2.1,0,0,0,20.5,15,6,1.2,3,0,18.1,2.6,0,0,0,0,15.3,5.3,0,0,0,4.2,27.5,22.5,12.1,11.5,17.1,2.8,14.4,0.2,0,1.6
09-Sep,0,23.2,1,0,0,0,2.5,3,0,2.2,0,0,0,20.2,15,0,0,38,0,0,0,0,8.9,0,0,33.2,23.1,3.2,22.6,11.1,0,1.2,1,0.4,6.4
10-Sep,0,16.6,5.9,0,0,0,5.8,0,0,44.5,7.2,0,2.7,10.1,3,0,0,0,0,0,0,0,3.2,2.1,0,0,17.1,0,0,2.1,3,0.2,1,5.8,0
11-Sep,3.5,3.8,0.6,0,18.6,0.4,4.4,0,0,0,38.8,0,0,16.8,2.4,0,0,0,0,0,0,0,0,0,13.7,0,0,0,0,0,12.2,3.8,1.8,0,0
12-Sep,0,17.5,0,0,3.5,0,0,0,0,0,1.5,0,0,0,0,0,0,0,0,0,0,8,0,11.3,3.4,0,0,0,0,0,2.8,1,0.4,0,6.2
13-Sep,0,10.2,0,0,0.5,2.8,7.2,0,0,31.9,30.7,1.8,0,0,2.4,0,0,0,5.1,7.1,0,4.5,0,3,7.1,5.5,0,11.3,0,0,0,2.4,0,0,0.6
14-Sep,0,1.7,0,2,0,8,1.3,0,0,1.4,0.6,3.4,0,0,0,0,0,12,3.1,0,0,0,0,0,6.2,7.9,18.3,18.1,18.1,0,0,0.2,0,12.4,3.8
15-Sep,0.4,7.7,0,0,16,4.1,0,0,9.7,3.7,0.8,9.5,0,0,4.2,0,0,0,0,21.3,5.3,2.6,0,0,3.7,10.8,14.1,0,26.7,0,13,7.6,0.2,0.6,1.6
16-Sep,0,11.7,0.4,10.5,19.8,0,8.6,0,0,0,0,0.6,0,0,0,0,0,0,0,0,0,0,0,0,37.5,22.5,5.3,0,0,9.7,2.4,0.4,5.8,0,0.4
17-Sep,0,80.5,0,2.2,0,0,2.1,4.6,11.8,0,0,2.7,0,0,0,0,0,0,0,0,0.5,0,0,0,9.1,3.5,9.8,0,0,33.7,19.6,0,7.6,0.4,0.6
18-Sep,0,0.3,0,0,0,0,2.5,0,11.6,0,0,1,0,2,0,0,0,8.7,0,0,0,0,17.3,0,0,2.2,3.1,0,0,2.1,21.4,0,0.4,0.2,1.8
19-Sep,11,0.5,0,0,0,0,27.8,22.2,0,0,0,8.5,0,4,10.1,0,0,0,0,0,0,0,10.1,0,0,13.8,0,0,0,0.8,1.8,0,13.8,1.2,0.6
20-Sep,0.4,25.6,0,0.3,1.6,0,32.5,2.1,0,0,0,0,0,0,14,0,0,0,0,12.2,0,0,2.2,0,9,0,0,4.4,0,0,0.2,0,2.6,4,1
21-Sep,6.2,26.8,0,4.2,0.5,0,0,0,3.6,0,0,0,0,14.5,0,0,0,0,0,20,8.6,0,0,0,0,0,26.1,8.1,0,0,2,0.2,1.2,1.4,0
22-Sep,6.7,4.1,0,1,0,0,15.6,18,1.4,0,0.5,0,0,2.3,32.1,0,0,0,0,8,10.7,0,0,15,3.1,0,29.1,2.1,0,0,0,0.4,1.8,0,0
23-Sep,11.3,19,16.3,5.9,0,17.5,0.3,22,5.9,0,0,0,0,0,25.8,0,0,0,0,0,19.4,0,0,0,3.4,0,33.1,0,21.1,26.1,0,1.4,1.8,4.4,0.4
24-Sep,0,0,0,0,0,3.7,1,15.7,23.4,73.2,3.6,2.3,0,0,11.9,0,0,18,1.1,3.1,6.1,21.8,0,0,0,7.6,11.7,0,19.3,17.1,0,0.6,0.8,16.6,0
25-Sep,0.8,0,3.9,0,0,11,11.8,0,6.5,0.7,0.8,31.2,0,0,0.4,0,0,0,0,0,20.2,24.1,0,0,0,0,8.1,0,0,8.1,3,0.6,0.2,0,10.4
26-Sep,0,12.3,0,0,4.9,7.4,20.1,8.7,0,0.4,0,30.6,0,21.5,15,0,0,3,0,0,11.3,0,0,2.5,0,10.2,0,0,0,0,0,1,0,0.8,4.6
27-Sep,0,1.7,0,0,0,5.6,17.9,0.5,2.1,28,18,11.5,0,10.5,5.4,0,0,0,1.1,0,17.2,0,0,31,0,0,0,0,0,0,0,2,5.2,1.6,0
28-Sep,0,12.2,0.2,0,1,0,8.3,0,0,2,2.2,0,0,8,8.2,0,0,24,3.1,8.9,0,3.1,0,17.1,0,0,6.7,1.1,10.7,0,0.6,3.8,8.4,0.8,0.4
29-Sep,2.9,0,0,0,0,0.4,1.7,13.7,0,0,16.9,11.4,0,0,0,0,0,3,13.4,0,9.4,25.3,1.3,13.3,0,0,9.1,3.3,8.8,0,24,10,4,3.2,0
30-Sep,3.3,1.4,2.3,0,0,3.7,24.7,0,10.6,0.4,0.4,1.8,1.2,0,0,0,6.2,0,0,0,0,0,7.5,0,0,8,3.8,0,0,8.8,0.2,0,2.2,0,0
01-Oct,1.1,0,5.8,0.6,0,20.8,0,21.5,0,0,0,6.6,1.3,0,14,0,0,8,0,0,3.7,0,0,13.3,0,0,7.1,0,0,10.7,2.4,22,6.8,1,0
02-Oct,0.2,0,5.8,4.6,0,0,0,0.3,0,0,0,16.1,0.9,0,1.5,0,0,0,8.3,0,16.9,0,0,12.8,0,0,0,6.6,0,22.1,0.8,0,7.2,16,6.8
03-Oct,0,1.8,0,0,0,0,0,16.8,1,1.4,0,1,0.8,0,6,2.3,0,24,21.2,15,2.1,0,6.5,0,0,2.8,0,25.1,0,0,0,0,9.4,7.6,0
04-Oct,0,2.8,4.5,0,0.5,0,4.2,12.6,0,0,0,0,20.5,17.2,14,3.6,0,15,0,0,0,10.1,0,0,3.1,17.3,0,3.3,3.7,0,4.6,0.4,1,24.2,0
05-Oct,0,0,8.6,0.6,8.6,3.9,0,11.7,6.8,0,0,3.8,0,0.5,0,0,6.2,0,15.7,11,0,38.5,1.3,0,0,0,0,0,11.4,5.7,0.6,0,0,0.4,0
06-Oct,9.6,0,3,0,13,7.6,5.8,0,6,0,0,0.8,0,15.7,0,4.3,0,1,22,14.3,0,0,0,1.1,0,0,9.6,0,7.2,11.1,0,0.4,0,6.6,0
07-Oct,0,0,0,0,4,33.4,0,0,2.7,0,0,0,0,1,0,0,0,0,0,12,0,27,0,0,0,7.4,3.5,0,0,0,0,1.4,0.2,0,0
08-Oct,0,0,11.8,3,0,5.2,0,0,0,0,0,1.5,16.1,36,11.8,0,0,46,3.1,0,3.1,0,3.3,0,0,0,2.7,0,0,0,0,2.2,17.8,0,0
09-Oct,8.5,1.8,17.5,0.8,0,1,0,0,0,0,0,0,0,1.5,3.5,0,0,0,0,9,17.1,0,0,0,0,0,0,11.7,0,0,0,0,47.2,0,2.6
10-Oct,3.9,0,0.1,6.1,0,3.8,26.2,0,2.3,0,9,0,0.4,19.3,5.5,0,0,2.4,0,0,24.5,0,6.1,0,0,0,0,6.3,22.1,31.5,0,2.4,4.4,0,0
11-Oct,3.4,0,17.9,14.4,5.4,0.5,1.4,0,2.3,12.7,8.3,8.5,3,0,0,10.1,5.2,4.5,5.1,0,0,0,10.4,0,0,0,0,13.9,18.1,8.7,0,6.2,2.2,0,0.2
12-Oct,0,3.2,7.8,1.3,11,0,2.3,1.8,2.4,0,6,0,3.1,0,0,0,5,0,1.3,0,0,0,0,0,0,2.1,17.5,0,17.1,3.8,0,1.8,0,0,12.4
13-Oct,0,5.3,0.1,0,0.7,3.1,0,0,44,0,16.4,7,0,3.3,0,0,0,10,5.2,0,0,2.8,0,0,17.3,3.9,11.5,0,0,0,0,2,0,1,0
14-Oct,0.6,1.8,0,0,0,4.3,40.7,23.3,3.8,23,0,1.4,0,0,0,0,0,13,0,7.3,0,0,9.3,0,14.1,4.4,7.7,0,0,0,11.6,5,0,0,4.8
15-Oct,0,14.6,3,0,0,0,7.9,4.5,7.6,0.4,19.6,3,0,2.3,2,0,0,25.4,0,0,0,8.1,0,0,27.9,0,3.2,0,0,0,10.4,1,0,16.2,0.8
16-Oct,0,16.4,0,0,0,0,20.6,0.7,0,0,4.7,21.4,8.2,0,8.2,12.1,15.3,56.7,0,0,0,0,0,0,0,0,0,22.1,0,0,0,2.2,3.2,9.2,2.8
17-Oct,4.3,2.6,4,0,2.7,0,0,0,0,0,9.4,26.1,5.5,1.3,0,0,21.5,0,3.1,0,0,0,0,0,0,0,0,18.1,0,3.1,0,0.2,15.4,2,3.6
18-Oct,0,41.6,3.7,3.4,0,0,0,0,1.2,1.5,0,6.5,0,0.1,0,0.4,8.7,11,1.1,8.3,0,3.5,0,0,0,0,0,10.6,0,0,0,0,0.2,41,0
19-Oct,3.4,12.8,0,0,0,0,0,0,0,9,18.8,11.6,0,0,1.5,0,28.4,0,0,0,0,2.3,3.1,0,2.1,0,0,0,27.7,0,4.4,0,12.8,3.6,1.2
20-Oct,0.1,1.2,10.4,0,0,0,1.3,0,0,14.1,1.7,0,0.4,0,0,24.2,36.8,0,0,0,0,0,0,0,0,0,0,0,10.1,0,1.6,0,1.2,12.4,3.6
21-Oct,0,1.7,27.1,7.6,0,0,0,0,0,1.5,4.5,0,0,16,0,0,34.8,0,0,0,7.5,0.5,0,2.1,3.1,24.4,7.3,0,16.2,4.1,15,0.6,0,38.8,6
22-Oct,6.8,0,4.1,1.8,0,12.2,5,0,0,0.9,2.4,7.3,0,2.5,4,0,15.3,0,0,0,17.5,0,0,0,7.9,0,0,0,13.2,21.1,0,1,2,4.4,0.4
23-Oct,0.2,0,0.4,0.1,0,0,1.5,0,0,2,0,7.7,0,4.5,11,0,9.4,4.5,3.1,5.1,3.1,0,0,0,13.7,11.9,0,7.7,0,1.1,0,0,2.6,2.6,33
24-Oct,5.5,0,10.5,1.7,0,3.3,0,0,0,8.9,0,0.5,0.5,13,12.5,0,4.5,46.7,7.2,0,18.9,2.2,0,0,0,0,0,3.2,0,0,28.4,2,0,7.2,54.2
25-Oct,0,3,3.5,0,0,0,1.8,0.4,0,0,0,0.5,0,0,14.3,12.1,16.3,21,1.3,0,17.1,0,0,0,0,8.2,8.5,11.1,0,0,2.6,6,0,0,1.4
26-Oct,0.1,4.9,0,0,0,0,3,6.4,0.9,0,3.8,0,0,0,0,26.2,0,2.4,0,0,16.4,7.5,7.2,0,0,17.3,3.1,0,10.7,0,0.2,0,0.4,0,12.6
27-Oct,0,6.3,1.9,0,0,8.9,5.3,0,3.4,1.5,0,0,0,0,0,0,0,0,0,6.4,22.5,11.4,0,0,0,6.4,1.1,0,11.9,0,0.8,2.6,0,19,22.6
28-Oct,0,4.8,0,0,0,0,0,91.1,0.5,9,0,0,0,1.2,0,2.3,0,4.3,7.5,0,17.6,1.8,1.2,3.4,8.5,0,0,0,0,0,20.6,14.4,2,0.2,0.4
29-Oct,0,0,0,0,0,0,0,0,2.2,2.9,0,0,0,0.2,5.5,0,0,0,15.1,3.1,31.3,0,0,7.7,0.5,0,0,0,0,0,1.6,7,7.4,5.2,0
30-Oct,0,7.3,2.4,0,0,0,0,0,2.1,0,0,0,1.1,22.6,0,3.9,0,2.5,0,0,14,0,0,9.2,0,0,0,0,0,0,0,5.8,0.8,12.4,12.4
31-Oct,1.5,18.4,1.5,0,0,0,0,6.3,0,0,4,0.4,2.6,0,2.4,0,6.4,2.7,0,0,0,0,0,7.5,0,0,0,0,9.3,7.1,9.2,19,0.2,38.2,36.4
01-Nov,0.1,3,1.7,0,0,0,3,0,0,0,1.3,0,0,0,33,0,4.3,26,0,0,6.3,0,0,10.1,4.5,0,1.1,0,13.1,3.3,31,7,1,2.2,3
02-Nov,0,20.8,0,0,0,0,0.7,0,0,0,2.8,1,6.8,0,4,0,14.1,5.6,0,0,2.1,0,0,0,0,0,3.7,0,0,10.1,0,8.4,0,1.6,5.4
03-Nov,0.4,8,8.6,0,1.4,0,0,1.4,0,3,2,10.8,0.6,0,0.5,11.2,22,2.5,0,1,0,0,0,0,0,3.5,0,6.1,0,0,8.2,9.4,0,0.8,4
04-Nov,0,33.7,14.3,0.8,8.6,0,0,0.6,0,13.3,7.9,0,7.9,7.4,0,0,0,2.6,0,3.1,0,0,0,8.7,7.2,0,0,3.9,0,0,3.6,18.6,0.4,5,31.4
05-Nov,0,26.1,0.2,0,72.4,7.2,6.1,8.6,0,1.3,14.8,0,9.8,0,0,0,0,4.5,0,0,0,0,0,3.5,9.3,0,0,2.4,0,0,1.6,12.8,0.6,0,4.2
06-Nov,3.9,32.3,2.8,0,0.1,0,18,0.3,0,0,15.5,4.7,20.9,25.3,0,0,0,6.4,0,0,7.3,5.2,0,2.6,0,0,0,0,7.7,0,6.8,1,0,0,4.4
07-Nov,0,4.8,5.1,0.1,15.3,0,0.1,0,0,1.1,12.5,0,7.6,0,3.5,0,0,0,0,0,8.8,0,3.1,0,0,0,3.1,0,10.3,24.1,67.8,0.4,12.4,0,0
08-Nov,0,3.5,0,0.3,15.2,0,0,0,0,0,1.7,0,0,7,0,0,0,0,0,0,0,0,22.9,0,0,3.1,10.7,0,4.2,5.7,1,0,4.4,0,12.8
09-Nov,0,6.2,0,0,19.7,0,16.6,0,0,3.1,0,0,0,53.8,0,0,0,2.3,0,0,0,0,7.2,0,0,0,7.8,0,0,0,3.2,0,0.2,1.8,4.2
10-Nov,0,8,0,0,1.2,2.8,0,8.9,0,0.7,0,0,0,0,0,0,0,6.7,0,0,7.5,0,26.6,0,0,0,4.7,15.1,0,0,13,4.4,21,0,27
11-Nov,0,0,0,6.1,19.8,0.5,2.5,2.6,0,0,0,0.6,10.6,34,0,0,13.2,4.5,0,0,2,0,0,0,0,0,0,6.8,0,0,1.6,0.8,55.6,0,5
12-Nov,0,0,9.1,0,19.7,2.9,30.3,0,0.5,0,0,1.6,0,2.4,0,0,16.2,26,0,0,0,5.3,0,9.8,0,4.4,0,0,0,0,1.6,0,12,0,21.6
13-Nov,0,0,9.3,0,0.8,0,29.4,0,3.5,2,0,0,0,0,0,0,8.4,0,0,0,0,19.5,8.7,7.5,0,0,8.7,0,3.6,8.1,0,0,0.4,0,4.8
14-Nov,0,1,2.1,40.7,0.5,2,1.3,1.9,1.6,0,0,0.9,0,18.6,0,0,11,0,0,15,9.6,0,1.3,3.1,2.1,2.1,4.4,0,22.1,12.1,0.2,0,0,0,1.8
15-Nov,0,0.4,0.7,9.5,0,0,0.2,0,0,0,0.1,0,0,22,7,0,14.2,0,0,0,5.8,0,0,0,0,0,2.1,3.2,11.1,0,0,0,0.6,0,0
16-Nov,0,3.8,24.3,17.4,0,0,3.8,0,0,0,0,0,0,18,13.5,0,8,3.5,0,0,14.9,0,0,0,0,0,0,7.1,0,0,0,0,22.2,0.2,0
17-Nov,0,0.3,1.6,0,0.1,0,0,0,6.3,0.6,1,0,1.6,0,0,0,4.5,0,0,11.3,12.6,0,0,0,0,0,0,0.3,0,0,0,2.4,1.6,0,
18-Nov,0,0,0,0,0.8,3.5,4.2,1.4,0,0,0,0,0,0,0,0,0,0,0,7.2,3.5,0,0,0,0,4.7,0,0,0,0,0.2,0.4,0,0,
19-Nov,2.8,0,10.4,0,0,0,0,13.9,0,0,0,0,0,0,0,0,0,0,0,0,7.5,0,0,7.7,0,47.2,0,0,15.1,0,0.2,4,1.6,0,
20-Nov,0,0,0,0,8.5,0,0,0.1,7.3,1.7,0,0,0,0,9.5,0,0,0,0,0,11.4,3.5,1.2,8.5,3.1,15.7,0,0,7.8,0,0,5,6.8,4,
21-Nov,0,8.9,1,0,0,3,35.9,2.8,7.8,0,17.6,0,3,1,0,0,0,1.8,0,3.1,0.5,0,0,18.3,0,20.1,6.7,3.3,3.2,0,9.2,13.2,0,4,
22-Nov,7.7,0.3,0,0,0,0.5,0.5,6,0,0,0,0,0,12.8,1.5,18,0,0,0,8.2,0,0,0,22.4,0,8.2,8.7,3.1,0,0,0.4,0,0,4.6,
23-Nov,0,0,0,0.5,0,0,0,0,5.8,0,22,0,0,0,0,0,0,0,0,0.5,0,0,0,11.7,0,12.3,3.4,0,0,32.1,16.4,6.8,0,0.2,
24-Nov,1.4,26,1.2,0,0,0,0.7,0,0,0,3,0,0,1.5,0,1,9.2,0,0,0,0,4,0,2.7,0,10.1,2.2,0,0,0,0,0,6.6,2.6,
25-Nov,0,8,0,0.4,0,0,0,0,3.2,0,0,0,0,0.8,1.1,1.7,8,0,0,0,0,0,1.3,0,0,4.6,0,0,0,0,27.2,0,1.6,5.6,
26-Nov,0,0,0,6.8,0,0.9,0,0,0,0,0,0,0,2,1.2,0,3,0,0,0,0,0,0,0,0,28.9,0,0,0,0,22,0,0.2,1,
27-Nov,0,54,0,0,0,0,0,0,1.7,0,0,0,4.6,0,0,3.6,0,0,0,0,0,0,0,3.6,0,12.7,0,0,2.2,0,0,0,0,12.8,
28-Nov,0,22.5,2,0,0,0,0,0,0,15.1,0,0,0,0,1.1,6.1,0,0,0,0,0,0,0,0,0,7.2,0,0,12.7,0,1,2.2,0,0.8,
29-Nov,0,0,6.6,0.3,0,0,0,0,7.1,0,0,0,0.9,0,1.5,11.8,0,0,0,3.2,0,0,0,0,0,0,0,0,0,0,17,24.2,0,0.8,
30-Nov,0,8.7,0,2.5,3.2,0.4,0,0,2.6,0,0,0,0,0,1.5,0,0,0,0,0,0,0,0,0,0,10.8,0,0,9.3,0,6.8,1,0.2,4.2,
01-Dec,0,17.3,0,1.9,0,0.5,0,0,0,0.1,0.5,0,4.2,0,0,1.4,0,0,0,0,0,0,0,0,0,0,0,2.3,0,0,55.6,0,0,0.8,
02-Dec,0,4.8,1.1,1,0,0,0,0,2.8,0,3.6,0,1.5,0,0,0,0,0,0,0,0,0,0,0,4.3,0,0,4.1,0,0,5.8,0,3.8,22.8,
03-Dec,0,3,0,1.8,0,0,0,0,0,0,2.5,0,0,2,0,0,0,0,0,0,0,0,0,0,2.1,11.5,0,3.9,17.7,7.4,32.4,0.6,0,3,
04-Dec,0,0,0.3,0.1,0,0,2.5,0,0,3.4,0.6,0,0,0,0,6.6,12,0,0,3.1,0,0,0,0,0,0,3.4,0,3.1,11.5,11.6,0.2,0,4.4,
05-Dec,0,0,5,0,0,0,0,0,0,0,0,0,0,0.1,0,2.8,0,0,0,0.7,0,0,5.8,0,0,2.1,5.2,0,9.3,3.1,2.4,1.2,5.8,0,
06-Dec,0,0,0,0,0,3.8,0,0,2,0,2.5,16.7,0,0,0,1.2,0,0,0,0,0,0,23.9,0,0,3.2,2.2,0,0,0,0,5,0,0,
07-Dec,0,9.4,0,0,0,0,2,0,0,0.2,0,0,0,0,0,4,7.2,0,0,0,0,0,0,0,0,0,1.1,0,0,0,0.2,0,0,0,
08-Dec,0,0,0,13.1,0,0,0.2,0,0,0,0,3.5,0,0,0,0,0,0,0,3.1,0,0,11.3,0,1.5,0,0,0,0,0,0,0.6,0,0,
09-Dec,0,0,0,0.5,0,0.5,0,0,0,1,2,0,0,0,0,0,0,0,0,0,0,7.1,0,0,0,0,0,3.2,0,0,0,6.2,0,0,
10-Dec,0,0,0,2.3,0,0,0.5,4.1,0,0,2,0,0,0,0,0,0,0,0,0,0,0,0,0,0,0,0,5.1,15.2,0,0,0,0,0,
11-Dec,0,0,0,9.9,0,2.9,0,0,0,0,0,0,0,0,0,0,0,0,0,0,0,7.3,0,10.5,0,0,0,0,11.1,7.1,0,0,0,0,
12-Dec,0,10.1,0,0.1,0,22.2,0,0,0,0,0,0,0,0,0.7,0,0,0,0,0,0,0,0,3.8,0,12.6,7.8,0,0,0,0,0,43.8,0,
13-Dec,0,2.7,0,0,0,0.9,0,0,0,0,0,0.1,0,0,0,1.1,0,15,0,0,0,2.7,0,0,0,0,6.5,0,0,0,0,0,17,0,
14-Dec,0,1,0,0,0,1.7,0,0,0,0,0,1.4,0,0,0,0,0,0,0,2.1,0,0,0,0,0,5.1,4.8,0,0,0,0,0,16.6,0,
15-Dec,2,0,0,0,0,0,0,0,0,0,1.5,0,0,0,0,0,0,0,0,0,0,3.8,0,0,0,0,0,0,0,0,0,0,17.6,0,
16-Dec,4.5,0,0,0,0,0,0,0,0,0,0,0,0,1.8,0,0,0,0,0,0,0,0,0,8.7,0,0,0,0,0,0,0,0,0,0,
17-Dec,0,6.8,0,0,0,0.3,0,0,0,0,3.2,0,0,1.2,0,0.5,0,0,0,0,0,0,0,5.3,0,0,0,0,22.1,0,0,0.2,0,0,
18-Dec,0,0,2.1,0,0,0,0,1.1,0,0,0,0,0,6.2,0,2,6.7,0,0,0,0,0,0,0,0,0,0,7.2,18.1,2.1,0,1.6,10.2,0,
19-Dec,0,0,7.3,0,0,0.9,0,0,0,0,0,0,0,1,0,0,0,0,0,0,0,0,0,0,0,0,0,0.9,0,0,0,0.8,0,0,
20-Dec,0,0,1.3,3.1,7.5,0.1,0,7.4,7,0,0.6,0,0,0,0,18,0,0,0,0,0,0,0,0,0,0,7.1,0,0,0,5,0,0,0,
21-Dec,0,0,4.6,0,3.3,0,0,0.7,0,0,0,0,0,0,0,0,0,0,0,0,0,0,0,0,0,0,8.1,0,0,0,0,0,0,0,
22-Dec,0,0.2,1.8,0,0,0,0,0,0,0,0,0,0,0,0,0,0,0,0,0,0,0,0,0,0,0,0,0,0,0,0,0.2,0,0,
23-Dec,0,0,0.3,0,0,0,0,0,26.5,0,0,0,0,0,0,0,12,0,0,0,0,0,0,0,0,0,0,0,0,0,0,0.8,0,0,
24-Dec,0,0,0.8,0,0,0,0,0,14.6,0,0,0,0,0,0,7,11,0,0,0,0,0,0,0,0,0,0,0,14.1,0,0,7.4,0,0,
25-Dec,0,0,0,0,0,0,0,0,31.9,0,11.8,0,0,0,0,7,19,0,0,0,0,0,0,0,0,40.9,0,0,13.3,0,0,4.2,0,0.2,
26-Dec,0,0,0,0,0,0,0,0,2.3,0,0,0,0,20.1,0,21,0,0,0,0,0,0,0,0,0,10.1,1.8,0,0,0,0,0,0,0,
27-Dec,0,0,0,0.1,0,0,0,0,41,0,0,0,0,0,0,12.5,0,0,0,0,0,27.8,0,0,0,12.4,0,0,18.2,0,0,6.2,0,0,
28-Dec,0,0,0,0,0,0,0,2.1,0,0,0,0,0,0,0,0,2.1,0,0,0,0,3.2,0,13.4,0,12.3,0,0,9.7,0,0,0,0,0,
29-Dec,0,0,0,0,0,0,0,0,0,0,0,0,0,0.5,0,0,0,0,0,0,0,0,0,0,0,6.1,0,0,0,0,0,21.4,0,0,
30-Dec,0,0,2.9,0,0,0,0,0,11,0,0,0,0,0,0,0,0,0,0,0,0,2.5,0,0,0,3.1,0,0,0,0,0,1.8,0,0,
31-Dec,0,0,0,0,0,0,0,0,5.2,0,0,0,0,0,0,0,0,0,0,0,0,0,0,0,0,0,0,0,0,0,0,1.4,0,0,
