Day,1977,1978,1979,1980,1981,1982,1983,1984,1985,1986,1987,1988,1989,1990,1991,1992,1993,1994,1995,1996,1997,1998,1999,2000,2001,2002,2003,2004,2005,2006,2007,2008,2009,2010,2011,2012,2013,2014,2015
01-Jan,8.9,0,0,0,0,0,0,0,0,0,0,0,0,0,7.3,0,0,0,0,0,0,-9999999,0,0,0,0,0,8.5,0,0,0,0,-9999999,-9999999,0,0,0,0,0
02-Jan,9.8,0,0,0,0,0,0,0,0,0,11.5,0,0,6.5,0,0,0,0,0,0,0,-9999999,0,0,0,0,0,2.5,0,0.5,0,0,-9999999,-9999999,0,0,0.2,0,0
03-Jan,0,0,0,0,0,0,0,0,0,0,10.5,3.5,0,42.8,0,0,0,0,0,0,0,-9999999,0,0,0,2.3,0,0,0,0,0,0,-9999999,-9999999,0,0,0,0,0
04-Jan,0,0,0,0,0,0,0,0,0,0,0,0,0,0,0,0,0,0,0,4.2,0,-9999999,0,0,0,0,0,0,0,0,0,0,-9999999,-9999999,0,0,0,0,0
05-Jan,0,0,0,0,0,0,0,0,0,0,0,9.7,0,0,0,0,0,0,0,0,0,-9999999,0,0,17.3,0,0,6,0,0,0,0,-9999999,-9999999,0,0,0,0,0
06-Jan,0,0,0,0,0,0,0,0,0,0,0,0,0,0,0,0,27.7,0,0,0,0,-9999999,0,0,0,0,0,0,0,0,0,0,-9999999,-9999999,0,0,0,0,0
07-Jan,0,0,0,0,0,0,0,0,0,0,0,0,0,0,0,0,0,0,0,0,0,-9999999,0,0,16.7,0,0,0,0,0,0,0,-9999999,-9999999,0,0,0,0,0
08-Jan,0,0,3.2,0,0,0,0,0,0,0,0,0,0,0,0,0,0,0,0,0,0,-9999999,0,0,0,0,0,0,0,0,0,0,-9999999,-9999999,0,0,0,0,0
09-Jan,9.9,0,0,0,0,0,0,4.2,0,0,0,0,0,0,0,0,0,0,0,0,0,-9999999,0,0,0,0,0,0,0,0,0,0,-9999999,-9999999,0,0,0,0,0
10-Jan,0,0,0,0,0,0,0,0,0,0,0,0,0,0,0,0,0,0,0,0,0,-9999999,0,0,0,4.2,0,0,0,0,0,0,-9999999,-9999999,0,0,0,0,0
11-Jan,0,0,0,0,0,0,0,0,0,0,0,0,0,0,0,0,0,0,0,0,0,-9999999,0,0,0,0,0,0,0,0.1,0,0,-9999999,-9999999,0,0,0,0,0
12-Jan,3.5,0,0,0,0,0,0,0,0,0,0,0,0,0,0,0,28,0,0,0,0,-9999999,0,0,0,0,0,0,0,0,0,0,-9999999,-9999999,0,0,0,0,0
13-Jan,0,0,0,0,0,0,0,0,0,0,0,0,12.5,0,0,0,26.4,0,0,0,0,-9999999,0,0,0,0,0,2,0,0,0,0,-9999999,-9999999,0,0,0,0,0
14-Jan,0,0,0,0,0,0,0,0,0,0,0,0,0,0,0,0,0,0,0,0,0,-9999999,0,0,0,23.8,0,23.7,0,0,0,0,-9999999,-9999999,0,0,0,0,0
15-Jan,0,0,5.7,0,0,0,0,0,5.8,0,0,0,0,0,0,0,0,0,0,0,0,-9999999,0,0,0,2.1,0,24,0,0,0,0,-9999999,-9999999,0,0,0.4,0,0
16-Jan,0,0,6.9,0,0,0,0,0,0,0,0,0,0,0,0,0,0,0,0,0,0,-9999999,0,0,0,0,0,0,0,0.8,3.5,0,-9999999,-9999999,0,0,5.2,0,0
17-Jan,0,22.6,7.5,0,0,0,0,0,0,0,0,0,23.6,0,0,0,25.1,0,0,0,0,-9999999,15.2,0,0,0,0,0,0,0,0,0,-9999999,-9999999,0,0,0.6,0,0
18-Jan,0,47.4,0,0,0,0,0,0,0,0,0,0,0,0,0,0,0,0,0,0,0,-9999999,0,0,8.7,0,0,0,0,0,0,20,-9999999,-9999999,0,0,0,0,0
19-Jan,0,0,0,0,0,0,0,0,0,0,0,0,0,0,0,0,2.1,0,0,0,0,-9999999,0,0,0,0,0,0,0,0,0,31,-9999999,-9999999,0,0,0,0,0
20-Jan,0,0,6.8,0,0,0,0,0,0,0,0,0,0,0,0,0,0,0,0,18,0,-9999999,0,0,0,0,0,0,0,7.5,0,19,-9999999,-9999999,0,0,0,0,0
21-Jan,0,0,0,0,0,0,0,0,0,0,0,0,0,0,0,0,0,0,0,13.5,0,-9999999,0,0,0,0,0,0,0,0,0,0,-9999999,-9999999,0,0,0,0,0.4
22-Jan,0,0,0,0,0,4.8,0,0,0,0,0,0,0,0,0,0,0,0,0,0,0,-9999999,0,0,0,0,0,0,0,0,0,0,-9999999,-9999999,0.2,0,0,0,0
23-Jan,0,0,17.9,0,0,0,0,0,0,0,0,0,0,0,0,0,0,0,0,0,0,-9999999,0,0,0,0,0,0,0,0,0,0,-9999999,-9999999,0.6,0,0,0,0
24-Jan,0,0,17.4,0,0,0,0,0,0,0,0,0,0,0,0,0,0,0,0,0,0,-9999999,0,0,0,0,0,0,0,0,0,0,-9999999,-9999999,5,0,0,0,0
25-Jan,0,0,15.4,0,0,0,0,0,0,0,0,0,0,0,0,0,0,0,0,0,0,-9999999,0,0,0,0,0,0,0,0,0,0,-9999999,-9999999,6,0,0,0,0
26-Jan,0,0,0,5.7,0,0,0,0,6.9,0,0,0,0,0,0,0,15,0,0,0,0,-9999999,0,0,0,0,0,0,0,0,0,0,-9999999,-9999999,0,0,0,0,0
27-Jan,0,0,0,0,0,0,0,0,0,0,0,0,0,0,9.6,0,0,0,0,0,0,-9999999,0,0,0,0,0,0,0,0,0,0,-9999999,-9999999,0,0,0,0,0
28-Jan,0,0,3.2,0,0,0,0,0,0,0,0,0,0,0,0,0,0,0,0,0,0,-9999999,0,0,0,0,0,0,0,0,0,0,-9999999,-9999999,0,0,0,0,0
29-Jan,0,0,36.5,0,0,0,0,0,0,0,0,0,0,0,0,0,0,0,0,0,0,-9999999,0,0,0,0,0,0,6.9,0,0,0,-9999999,-9999999,0,0,0,0,0
30-Jan,0,0,3.3,3.5,0,0,0,0,0,0,0,0,0,0,0,0,0,0,0,0,0,-9999999,0,0,0,0,0,0,0,0,0,0,-9999999,-9999999,0,0,0,0,0
31-Jan,0,0,0,0,0,0,0,0,0,0,0,0,0,0,0,0,19.4,0,0,0,0,-9999999,0,0,0,0,0,0,0,0,0,0,-9999999,-9999999,0,0,8.6,0,0
01-Feb,0,0,9.5,0,0,0,0,0,0,0,0,0,0,-9999999,-9999999,0,0,-9999999,0,0,0,-9999999,0,0,0,0,0,0,-9999999,0,0,0,0,-9999999,0,0,4.4,0,0
02-Feb,0,0,10.8,0,0,0,0,0,0,0,0,0,0,-9999999,-9999999,0,0,-9999999,0,0,0,-9999999,0,0,0,0,0,0,-9999999,0,0,0,0,-9999999,0,0,0,0,0
03-Feb,0,0,0,0,0,0,0,0,0,0,0,0,0,-9999999,-9999999,0,0,-9999999,0,0,0,-9999999,0,0,0,0,0,0,-9999999,0,0,0,0,-9999999,0,0,0,0,0
04-Feb,0,0,0,0,4.5,0,4.3,0,4.3,0,0,0,0,-9999999,-9999999,3,0,-9999999,0,0,0,-9999999,0,0,0,0,0,0,-9999999,0,0,0,0,-9999999,0,0,0,0,0
05-Feb,0,0,0,0,0,0,0,0,0,0,0,0,0,-9999999,-9999999,0,0,-9999999,0,0,0,-9999999,0,0,0,0,0,0,-9999999,0,0,0,0,-9999999,0,0,0,0,0
06-Feb,0,0,0,0,0,0,0,0,0,0,0,0,0,-9999999,-9999999,0,0,-9999999,0,0,0,-9999999,0,0,0,0,0,0,-9999999,0,0,0,0,-9999999,0,0,0,0,0
07-Feb,0,0,0,0,0,0,0,0,26.4,0,0,0,0,-9999999,-9999999,0,8.3,-9999999,0,5.1,0,-9999999,0,0,0,0,0,0,-9999999,0,0,0,0,-9999999,0,0,0,0,0
08-Feb,0,0,0,0,0,0,0,0,0,0,0,0,0,-9999999,-9999999,0,10.2,-9999999,33.1,0,0,-9999999,0,0,0,0,0,0,-9999999,0,0,0,0,-9999999,0,0,0,0.4,0
09-Feb,0,0,0,0,0,0,0,0,0,0,0,0,0,-9999999,-9999999,0,0,-9999999,0,0,0,-9999999,0,0,0,0,0,0,-9999999,0,0,0,0,-9999999,0,0,0,7.8,0
10-Feb,0,0,0,0,0,0,0,0,0,0,0,0,0,-9999999,-9999999,0,10.5,-9999999,0,0,0,-9999999,0,0,0,0,0,0,-9999999,0,0,0,0,-9999999,0,0,0,0,0
11-Feb,0,0,0,0,0,0,0,0,0,0,0,3.8,0,-9999999,-9999999,0,31.3,-9999999,0,0,0,-9999999,0,0,0,0,0,0,-9999999,0,0,0,0,-9999999,0,0,0,0.6,0
12-Feb,0,0,0,0,0,0,0,0,0,0,0,0,0,-9999999,-9999999,0,0,-9999999,10.5,0,0,-9999999,0,0,0,0,0,0,-9999999,0,0,0,0,-9999999,0,0,0,0,0
13-Feb,0,0,0,0,0,0,0,0,0,0,0,0,0,-9999999,-9999999,0,0,-9999999,11.1,0,0,-9999999,0,0,0,0,0,0,-9999999,0,0,0,0,-9999999,0,0,0,2,0
14-Feb,0,0,0,0,0,0,0,0,0,0,0,0,0,-9999999,-9999999,0,0,-9999999,0,0,0,-9999999,0,0,0,0,0,0,-9999999,0,0,0,0,-9999999,1.8,0,0,0,0
15-Feb,0,0,0,0,0,0,0,0,0,0,0,0,0,-9999999,-9999999,0,0,-9999999,0,0,0,-9999999,0,0,0,0,0,0,-9999999,0,0,0,0,-9999999,0,0,0,0,0
16-Feb,0,0,0,0,0,0,0,0,0,0,0,0,0,-9999999,-9999999,0,0,-9999999,0,0,0,-9999999,0,0,0,0,0,0,-9999999,0,0,0,0,-9999999,14,2.6,0,0,5.6
17-Feb,0,40.6,0,0,0,0,0,0,0,0,0,0,0,-9999999,-9999999,0,0,-9999999,0,7.2,0,-9999999,0,0,0,0,0,0,-9999999,0,0,0,0,-9999999,0,0,0,27.6,2.4
18-Feb,0,0,0,0,0,0,0,0,0,0,0,0,0,-9999999,-9999999,0,0,-9999999,0,0,0,-9999999,0,0,0,0,0,0,-9999999,0,0,0,0,-9999999,0,1.6,0,0,0
19-Feb,0,0,0,0,0,0,4.7,0,0,0,0,0,3.5,-9999999,-9999999,0,5.2,-9999999,0,0,0,-9999999,0,0,0,0,0,0,-9999999,0,0,0,0,-9999999,0,0,0,0,0
20-Feb,0,0,0,0,0,0,0,0,0,0,0,0,0,-9999999,-9999999,0,0,-9999999,0,0,0,-9999999,0,0,0,0,0,0,-9999999,0,0,0,0,-9999999,0,0,0,0,0
21-Feb,0,0,0,0,0,0,0,0,0,0,0,0,0,-9999999,-9999999,0,0,-9999999,0,0,0,-9999999,0,0,0,0,0,0,-9999999,0,0,0,0,-9999999,0,0,0,0,0
22-Feb,0,0,0,0,0,0,0,0,0,0,0,0,0,-9999999,-9999999,0,0,-9999999,0,0,0,-9999999,0,0,0,0,0,0,-9999999,0,0,0,0,-9999999,0,0,0,0,0
23-Feb,0,17.7,0,0,0,0,0,0,0,0,0,0,0,-9999999,-9999999,0,0,-9999999,0,0,0,-9999999,0,0,0,0,0,0,-9999999,0,0,0,0,-9999999,0,0,0,0,0
24-Feb,15.7,8.4,0,0,0,0,0,0,0,0,0,0,0,-9999999,-9999999,0,0,-9999999,0,0,0,-9999999,0,0,0,0,0,0,-9999999,0,0,0,0,-9999999,0,0,0,0,0
25-Feb,17.9,5.6,0,0,0,0,0,0,0,0,0,0,0,-9999999,-9999999,0,0,-9999999,0,0,0,-9999999,0,0,0,0,0,0,-9999999,0,0,0,0,-9999999,0,0,0,0,0
26-Feb,8.4,0,0,0,0,0,0,0,0,0,0,0,0,-9999999,-9999999,0,0,-9999999,0,0,0,-9999999,0,0,0,0,0,0,-9999999,0,0,0,0,-9999999,0,0,0,0,0
27-Feb,0,0,0,0,0,0,0,0,0,0,0,0,0,-9999999,-9999999,0,0,-9999999,0,0,0,-9999999,0,0,0,0,0,0,-9999999,0,0,0,0,-9999999,0,0,0,0,0.4
28-Feb,0,0,0,0,0,0,0,0,0,0,0,0,0,-9999999,-9999999,0,0,-9999999,0,0,0,-9999999,0,0,0,0,0,0,-9999999,0,0,0,0,-9999999,0,5.4,0,0,0
29-Feb,,,,0,,,,0,,,,0,,,,0,,,,0,,,,0,,,,-9999999,,,,-9999999,,,,0,,,
01-Mar,0,0,0,0,0,0,0,4.6,0,0,0,0,0,0,0,0,0,0,0,0,0,-9999999,0,0,0,16,0,0,-9999999,63.5,0,0,0,-9999999,0,0,0,0,0
02-Mar,0,3.5,0,0,0,0,0,0,0,0,0,0,0,0,0,0,0,0,56.6,0,0,-9999999,0,0,0,4.2,0,0,-9999999,7.5,0,0,0,-9999999,0,0,0,0,0
03-Mar,0,0,0,0,0,0,0,0,0,0,0,20.3,0,0,0,0,0,0,4.7,0,0,-9999999,0,0,0,11.1,0,0,-9999999,17.6,0,0,0,-9999999,0,5.2,0,0,0
04-Mar,0,0,0,0,0,0,0,0,0,0,0,0,0,0,0,0,0,0,0,6.3,0,-9999999,0,0,0,0,0,0,-9999999,0,0,0,0,-9999999,0,0,0,0,0
05-Mar,0,0,0,0,0,0,0,0,0,0,0,0,0,0,0,0,0,0,9.7,0,0,-9999999,0,0,0,0,0,0,-9999999,0,0,0,21,-9999999,0,0,0,3.4,0
06-Mar,0,0,0,0,0,0,0,0,0,8.4,0,0,0,10.3,0,0,0,0,4.1,0,0,-9999999,0,0,0,0,0,0,-9999999,0,0,0,-9999999,-9999999,0,0,0,22.2,0
07-Mar,0,0,0,0,0,0,0,0,0,0,0,0,0,6.4,0,0,0,0,0,0,0,-9999999,0,0,0,0,0,0,-9999999,0,0,0,20,-9999999,0,0,0,0,0
08-Mar,0,0,0,0,0,0,0,0,0,0,0,0,0,0,0,0,0,0,7.5,0,0,-9999999,0,0,0,0,0,0,-9999999,0,0,0,-9999999,-9999999,0,0,0.6,0,0
09-Mar,0,12.3,0,0,0,0,0,0,0,0,0,0,0,0,0,0,0,0,0,0,0,-9999999,0,0,0,3.6,0,0,-9999999,0,0,0,0,-9999999,0,0,0,0,0
10-Mar,5.1,0,0,0,0,0,0,0,0,0,0,0,0,0,0,0,0,0,0,0,0,-9999999,0,0,0,14.9,0,0,-9999999,0,0,0,0,-9999999,0,0,17.2,0,0
11-Mar,0,0,0,0,0,0,0,0,0,0,0,0,39.6,0,0,0,0,0,0,12.5,0,-9999999,0,0,0,0,0,0,-9999999,0,0,0,0,-9999999,0,0,0,0,0
12-Mar,0,0,0,0,0,0,0,0,0,0,0,0,0,0,0,0,0,0,0,0,0,-9999999,0,0,13.3,4.8,0,0,-9999999,0,0,0,0,-9999999,0,0,1.8,0,0
13-Mar,0,17.3,0,0,0,0,0,0,0,0,0,0,4.6,31.7,0,0,0,0,0,0,0,-9999999,0,0,0,4.4,0,0,-9999999,14.2,0,0,0,-9999999,0,0,0,31.4,0
14-Mar,27.5,17.2,24.5,0,0,0,0,0,0,0,0,0,0,94.8,3.2,0,0,0,0,0,0,-9999999,0,0,0,0,0,0,-9999999,0,0,0,0,-9999999,0,0,10.3,121.6,0
15-Mar,0,0,0,0,0,0,0,5.2,0,0,0,0,0,8.4,0,0,0,0,0,0,0,-9999999,47.5,0,0,0,0,0,-9999999,0,0,0,0,-9999999,0,0,3.9,19.4,0
16-Mar,0,0,25.4,0,21.1,0,0,0,0,0,0,4.1,8.3,12.8,0,0,0,0,0,0,0,-9999999,34.3,0,0,0,0,0,-9999999,0,0,0,0,-9999999,0,0,0,0,0
17-Mar,0,0,48.2,0,18.3,0,0,0,0,3.4,0,0,10.7,0,0,0,0,0,0,0,0,-9999999,0,0,0,0,0,0,-9999999,0,0,0,0,-9999999,0,0,0,0,0
18-Mar,0,0,11.6,0,17.9,0,0,0,0,0,0,10.3,13.1,11.1,0,0,12.5,0,0,0,0,-9999999,14.2,0,0,0,0,0,-9999999,0,0,10,0,0,0,0,0,3.6,0
19-Mar,56.6,0,21.3,0,0,0,0,0,0,0,0,33.9,14.8,0,0,0,0,0,0,7.9,0,-9999999,0,0,0,26.2,0,0,-9999999,1.2,10,0,0,0,29.6,0,21.2,4.2,0
20-Mar,0,0,6.7,0,31.6,0,0,0,0,4.5,0,0,15.6,0,0,0,0,0,0,5.7,0,-9999999,0,0,0,16.6,0,0,-9999999,0,0,0,0,1,6.6,0,24.7,0,0
21-Mar,0,15.1,0,0,6.1,0,0,0,0,0,0,0,15.3,7.6,0,0,0,0,0,6.5,0,-9999999,0,0,0,0,0,0,-9999999,0,0,0,0,11.6,0,0,6.3,0,0
22-Mar,0,0,0,0,45.4,0,0,0,4.6,0,0,0,0,44.4,0,0,0,0,38.6,0,0,-9999999,13.8,0,0,0,10,0,-9999999,0,0,0,0,0,0,0,24,0,0
23-Mar,0,0,0,0,22.3,0,0,0,6.7,0,0,20.6,0,0,0,0,0,45.3,19.9,5.3,10.2,-9999999,0,0,0,0,0,0,-9999999,0,0,0,33.5,0,0,0,1.6,6.4,26.4
24-Mar,0,16.2,4.6,0,0,0,0,0,3.5,2.3,0,10.3,0,0,0,0,0,0,0,0,14.7,-9999999,0,0,31.7,0,34,0,-9999999,0,30,0,0,0.6,0,0,0,1.2,18.6
25-Mar,5.8,0,0,0,6.5,0,0,3.2,0,0,0,0,0,0,0,0,0,0,0,0,0,-9999999,0,0,28.3,0,12.2,0,-9999999,0,0,30,0,33.4,0,0,0,26.6,0
26-Mar,10.2,27.2,0,0,10.7,0,0,7.4,11.4,0,0,9.7,0,0,17.2,0,0,0,0,35.7,0,-9999999,0,0,26.4,5.1,13,0,-9999999,0,0,0,0,3.4,2.6,0,0.2,0.6,2.2
27-Mar,10.1,19.6,0,0,15.8,0,0,0,14.2,2.8,0,14,0,6.1,18.1,0,0,0,2.1,0,0,-9999999,0,0,18.7,4.3,0,30.6,-9999999,0,0,0,60,0,0,0,3.2,2.8,0.2
28-Mar,10.3,7.4,0,0,0,3.5,0,0,21.4,0,0,0,0,0,18.4,0,0,0,0,31.8,30,-9999999,0,0,15,0,2,0.7,-9999999,0,0,0,50,0,0,0,9.4,0,3.4
29-Mar,3.2,0,0,11.2,6.9,36.5,0,0,17.8,9.2,0,0,0,0,0,0,0,0,0,0,0,-9999999,45.9,15.4,0,0,0,0,-9999999,12.4,3,3,0,2.6,0,0,10,0,1.6
30-Mar,0,0,0,0,16.8,27.1,0,0,23.5,3.6,0,0,0,3.2,0,0,0,0,0,0,0,-9999999,19,0,10.9,0,0,33.3,-9999999,0,0,0,0,1.6,0.6,0,1.8,0,3.4
31-Mar,0,0,0,0,0,13.2,0,0,20.5,0,0,20,0,0,0,0,0,0,0,0,0,-9999999,0,0,0,0,0,0,-9999999,0,0,0,0,60.2,2.2,0,4,0,0
01-Apr,0,15.2,0,0,43.2,0,0,-9999999,0,0,0,2,0,23.7,-9999999,0,0,0,0,22.5,0,-9999999,0,0,0,0,0,30,0,4,3,3,0,3.2,0,0,0.4,0,0
02-Apr,0,15.5,0,0,4.8,14.9,0,-9999999,8.3,0,0,0,17.2,22.9,-9999999,38.4,0,3.1,5.4,0,6.7,-9999999,0,1.4,10.8,0,0,2.2,0,8.1,0,0,0,36.2,0,0,2,0,0
03-Apr,20.9,15.4,5.3,0,0,13.3,0,-9999999,27.2,0,0,0,17.4,0,-9999999,0,0,0,0,0,0,-9999999,0,0,7.6,10.4,13.7,10,0,27.8,0,0,0,94.6,0,7,0.6,0,26
04-Apr,0,0,17.6,0,0,0,9.1,-9999999,0,2.2,0,10.1,0,9.5,-9999999,0,0,16,7.9,5.2,23.1,-9999999,7.1,0,4.9,0,0,0,0,8.8,0,0,0,1.4,11.8,14.6,1.2,0,22
05-Apr,50.7,10.2,19.8,0,23.9,0,0,-9999999,0,7.8,46.7,5.3,0,9.5,-9999999,43.5,19.2,0,50.3,37.1,0,-9999999,0,31.2,3.5,0,0,0,0,9.8,0,0,0,0,0,1.5,0.2,28.4,5.4
06-Apr,0,19.4,0,0,0,0,0,-9999999,0,17.4,45.8,5.2,20,3.2,-9999999,5.3,0,21.5,0,0,5.1,-9999999,0,4.6,0,2.9,0,0,0,0,0,0,0,0,0,5.1,6.2,2.8,14.4
07-Apr,0,0,49.5,16.9,0,72.4,0,-9999999,0,0,0,0,0,0,-9999999,17.5,0,0,0,0,21.5,-9999999,0,0,0,3.8,0,3.4,0,48,0,0,0,1.8,0,4.8,13.6,0,0.6
08-Apr,22.3,18.1,44.3,0,0,10.6,0,-9999999,6.2,0,0,9.3,27.5,61.2,-9999999,11,0,20.2,0,12.5,4.3,-9999999,6.5,22.3,0,0,0,23,5,0,10,10,0,11.2,1.4,0.8,0,8.8,0
09-Apr,5.3,18.4,29.6,11.8,22.8,5.4,0,-9999999,7.1,6.9,7.4,38.3,17.8,14.3,-9999999,0,0,0,0,0,16.4,-9999999,0,9.1,0,0,0,3,25,18.4,1.7,17,24.5,0,0,6.8,19,0,6.4
10-Apr,0,18.2,0,0,9.1,0,0,-9999999,0,9.6,9.6,0,0,54.6,-9999999,0,0,0,19.6,0,54.7,-9999999,0,0,0,0,0,54.5,24,0,35.6,35.6,30.5,0,2,0,4.2,0,0
11-Apr,20.3,59.2,11.4,3.8,25.2,0,0,-9999999,0,0,9.9,0,42.6,0,-9999999,0,0,15.5,25.3,9.5,0,-9999999,0,0,0,24.6,0,0.9,0,0,0,0,0,0,12.4,0,0,0.6,0
12-Apr,7.3,25.2,0,0,88.5,0,0,-9999999,14.3,0,0,6.7,0,4.8,-9999999,0,0,0,14.5,0,69.2,-9999999,0,0,0,26.3,0,0,14,0,0,0,0,3,0,9.4,12.6,1,0
13-Apr,7.9,0,0,8.9,10.2,46.8,0,-9999999,39.2,8.7,18.3,0,0,43.7,-9999999,0,37.2,6,0,8.6,0,-9999999,0,0,0,0,0.7,0,0,0,0,0,15.9,6.2,0.6,32.8,19.6,21.6,0
14-Apr,5.8,41.8,21.7,8.6,0,16.3,2,-9999999,0,7.1,0,0,55.3,0,-9999999,0,7.5,0,0,0,0,-9999999,0,0,0,27.7,0,0,0,0,3.3,3.3,0,0.2,2,22.2,104.8,15.8,0
15-Apr,0,1.7,0,0,105,0,14.7,-9999999,11.1,0,0,0,0,8.5,-9999999,0,8.6,11.2,0,0,5.3,-9999999,0,0,0,0,0,0,0,0.2,58.9,58.9,70,0,22.8,0.2,4.8,3,0
16-Apr,0,0,0,0,37.6,9.4,30.4,-9999999,36.9,0,0,0,0,0,-9999999,0,37,48.8,0,0,48.2,-9999999,0,0,0,39.5,0.8,0,0,0,40.5,40.5,11.5,3.8,13.4,8.2,13,12.6,0
17-Apr,0,0,0,0,50.3,0,6.7,-9999999,0,0,0,0,0,0,-9999999,0,26.4,40.1,0,0,11.2,-9999999,0,0,0,36,3,0,0.2,14.6,50.2,50.2,3.1,1.8,4,1,28.2,1.8,61
18-Apr,0,0,0,0,18.4,10.1,0,-9999999,22.7,0,0,10.3,0,0,-9999999,33.5,12.7,0,0,0,0,-9999999,0,0,0,0,4,0,0,18.5,3,3,0,11.4,0,4.8,0.2,7.2,35.4
19-Apr,11.5,0,7.2,42.9,0,0,11.3,-9999999,0,0,0,89.2,0,0,-9999999,0,0,0,67.8,0,0,-9999999,0,0,3.2,3.8,35.6,0,0,0,0,0,0,2,1.4,0.2,8.2,20.4,0
20-Apr,15.6,0,0,33.2,0,0,60.3,-9999999,6.5,0,43.1,98.5,0,0,-9999999,67.1,17.1,0,11.9,0,0,-9999999,11.3,0,0,31.2,0.8,0,0,2.7,0,0,42.5,3.2,0.8,0.4,15.8,0.6,0
21-Apr,11.8,22.3,0,6.2,0,0,10.8,-9999999,15.1,0,33.1,78,42.3,0,-9999999,0,0,42.9,0,0,27.2,-9999999,1.6,0,9.5,9.4,33,22.5,0,0,17,17,76.5,4.4,2.4,20,0,0.6,10.2
22-Apr,0,0,0,0,0,13.4,0,-9999999,0,4.2,0,4,0,36.7,-9999999,0,11,2.6,0,0,29.8,-9999999,12.3,0,0,21.4,0,0,1.5,5.6,34.5,34.5,3.5,0,11.8,5,0.4,0,16.6
23-Apr,0,20.4,0,0,0,12.5,20,-9999999,0,27.5,0,6.1,41.4,59.5,-9999999,0,10.1,16.3,0,0,12.1,-9999999,0,7.3,0,15.7,3.5,2.1,0,3.9,18,1.8,14,0.4,10,26.8,5.2,0,0
24-Apr,30.3,21.5,28.6,0,0,52.6,21.1,-9999999,0,0,0,0,55,8.3,-9999999,0,33.3,48.2,0,0,9.7,-9999999,0,0,6.3,12.3,0,0,0,0,39,39,3,0,1.8,16.4,0.2,4.6,54.8
25-Apr,30.8,35.3,11.5,29.6,11.2,0,22.4,-9999999,35,0,0,3.1,30.2,0,-9999999,0,0,20.2,0,8.6,50.1,-9999999,0,0,0,50.3,0,0,0,0,0,0,0,0.6,10.4,40,0,31.2,0
26-Apr,30.7,37.1,2,0,0,22.1,65.5,-9999999,8.3,0,26.3,34.5,0,0,-9999999,0,0,34.4,0,0,0,-9999999,0,0,0,39.5,0,13.3,1.2,1.6,0,0,0,12,5.4,45.8,0,0,2.4
27-Apr,30.5,0,0,0,0,0,6.6,-9999999,0,32.5,0,0,0,0,-9999999,17,0,23.6,8.7,0,0,-9999999,0,0,0,43.2,41,0,0.5,6.3,5,8,0,2.6,12,23.6,0,0,47.8
28-Apr,29.4,0,9.4,0,0,22.7,0,-9999999,0,42.5,0,43.5,21.1,0,-9999999,52.4,0,0,0,0,0,-9999999,21.6,0,46.8,91.7,12.1,8.3,63.2,0,0,0,0,0,93.4,20.6,3.6,0,1.4
29-Apr,31.4,0,9.1,0,0,22.4,0,-9999999,5.6,5.3,0,0,0,0,-9999999,22,0,0,58.5,0,0,-9999999,18.7,0,5.4,113.3,38,7,0,0.1,0,0,0,0.2,23,0,0.4,0,34.6
30-Apr,0,0,0,0,0,0,0,-9999999,0,0,17.2,0,0,0,-9999999,0,0,0,0,9.3,0,-9999999,13.2,0,0,6.2,0,0,0,8.8,13,13,0,4.6,5.6,38.2,2.8,0,9.6
01-May,32.3,0,3.2,29.2,12,14.9,0,0,20.6,29.4,36.1,0,0,0,13.1,30.3,0,6.7,10,0,16.8,-9999999,4.5,0,0,0,0.7,-9999999,0,5.6,15,15,0,0.8,0,8.8,1.2,0,1
02-May,20.2,5.8,0,39.8,4.2,0,7.6,0,15.7,0,7.5,0,0,0,4,32.1,28.1,33.8,5.3,0,0,-9999999,0,0,0,21.9,20,-9999999,0,9.3,0,0,0,1.2,0,12.2,16.2,0,12.8
03-May,16.8,0,0,0,4.4,43.2,0,0,4.7,8.4,0,0,0,0,0,0,17,0,0,0,0,-9999999,4.8,0,26.2,0,12,-9999999,18.1,9.8,0,0,0,1.8,0.6,0,1.2,12,2.8
04-May,18.5,0,0,5.3,0,44.3,5.4,0,5.9,6.5,0,45.4,0,0,0,0,56.4,0,0,0,0,-9999999,0,0,0,107,0,-9999999,0,0.7,44.3,44.3,0,8.4,1.8,32.4,0.4,0,0
05-May,20.4,0,4.3,0,0,7.8,0,0,3.5,0,0,0,0,0,0,0,0,0,0,0,8.3,-9999999,0,0,0,37.4,8.8,-9999999,0,0,0,0,0,18.6,52.8,26.6,1,1,0.2
06-May,0,0,0,0,9.4,0,8.9,0,0,6.1,0,0,0,11.6,0,0,0,0,0,0,0,-9999999,6.6,0,0,22,3.1,-9999999,0.5,0.7,0,0,0,0,4.2,0.2,2.2,0,0
07-May,0,0,8.6,0,40.4,0,0,0,0,0,0,0,30.2,5.7,0,0,16.8,0,0,0,0,-9999999,0,0,0,2.3,15,-9999999,0,8.4,0,0,0,0,0.2,8.8,7,1,0.2
08-May,19.9,0,17.1,3.2,29.6,6.4,10.5,0,0,0,0,0,0,0,0,4.3,0,8.2,0,0,0,-9999999,0,0,0,0,28,-9999999,31.5,32,0,0,0,0,73.2,23,3.2,1,6.4
09-May,10.1,0,0,0,25.7,0,19,0,0,0,38.5,0,0,0,4.8,0,0,0,5.7,0,3.1,-9999999,0,5.7,0,84.7,0.5,-9999999,0,7.8,4,4,0,0,0,3.4,0,0,3.8
10-May,0,0,0,0,0,0,0,0,2.7,0,0,0,44.8,0,0,0,0,0,0,0,0,-9999999,3.7,0,0,9.7,34,-9999999,13.5,0,0,0,0,12.2,10.2,1.8,0,1.8,0.2
11-May,13.2,0,0,5.3,0,0,0,0,0,0,0,11.1,0,0,8.8,0,0,0,4.1,0,0,-9999999,0,0,0,0,10.7,-9999999,0,10.6,0,0,0,18.2,8.4,0,0,16.4,0.4
12-May,11.5,0,8.9,16.5,10.3,0,5.4,0,0,0,0,0,0,18.5,0,0,15.3,0,8.2,0,0,-9999999,0,0,0,0,0.5,-9999999,0,10,0,0,0,56.8,0.6,1,8,0.6,32.2
13-May,9.6,0,0,0,70.3,6.3,0,0,0,0,0,0,0,0,7.5,2.1,0,5.3,6.2,17.5,0,-9999999,0,0,2.3,0,0,-9999999,0,0,0,0,0,40.6,4.2,2,0,0.4,38.4
14-May,0,0,0,0,59.5,0,0,0,0,0,0,0,0,16.7,0,0,9.4,0,0,22.4,0,-9999999,6.9,0,0,0,0,-9999999,0,0,0,0,0,32.8,1,0,0,0.4,2.2
15-May,0,0,0,0,0,8.2,0,0,0,0,0,0,0,0,5.3,0,8.7,4.5,9.3,30.3,0,-9999999,0,0,0,0,0,-9999999,3.5,0,0,0,0,2.8,1.6,0.4,0,0,0.4
16-May,0,0,0,0,0,0,3.1,0,0,0,6.3,0,0,0,6.9,0,7.6,6.4,0,5.1,0,-9999999,7.2,0,0,0,0,-9999999,0,0,35,35,0,0,0,0,0,0,1.6
17-May,0,0,0,0,0,0,0,0,0,0,6.7,0,0,0,7.4,0,6.9,12.7,0,6.2,0,-9999999,3.4,0,0,2.4,0,-9999999,0,0,0,0,0,1.6,6.2,88.8,0,0,0
18-May,9.7,0,0,0,0,23.4,0,0,21.3,0,5.1,0,0,0,8.6,0,0,0,0,7.9,0,-9999999,0,0,0,0,0,-9999999,0,0,0,0,0,0,0,0,0,0,0
19-May,0,0,0,0,5.3,10.5,0,0,8,0,0,20.3,0,0,16.4,0,0,8.1,2.3,36.1,0,-9999999,0,0,0,0,0,-9999999,0,0,0,0,0,0,0.8,0,0.2,2.4,3.4
20-May,0,0,0,0,5.5,7.9,0,0,0,4.5,0,8.3,0,0,13.6,0,0,31.5,0,3.5,0,-9999999,0,0,0,0,0,-9999999,0,0,0,0,0,0,10.2,0,0,1.4,0
21-May,0,0,0,4.6,0,5.2,0,0,0,0,0,0,0,0,8.6,0,4.3,0,0,0,7.5,-9999999,0,0,0,0,7.5,-9999999,23.8,0,0,0,0,0,0,0,0,0,9.6
22-May,6.3,0,44.6,0,0,0,0,0,0,7.2,4.7,0,0,0,0,0,0,0,0,7.2,3.2,-9999999,0,0,0,0,0.2,-9999999,0,0,0,0,0,0,1.4,0,14.8,0.2,0.6
23-May,0,0,4.6,0,0,0,7.4,0,0,4.9,0,13.2,0,12.8,0,0,12,0,0,0,0,-9999999,0,0,0,0,13,-9999999,0,0,0,0,0,0,0.8,19.6,0,3.6,0
24-May,0,2.3,5.1,0,0,0,9.8,0,0,11.9,0,0,0,0,3.5,0,0,0,0,9.6,0,-9999999,0,0,0,0,0,-9999999,0,0,0,0,0,0,2.4,0,0,0,1.8
25-May,0,0,15.5,3.3,0,0,0,0,0,0,0,0,0,0,0,0,0,8,0,0,0,-9999999,0,0,0,0,0,-9999999,42.1,0,0,0,0,1,0.8,0,0,0,0.2
26-May,0,0,15.3,0,0,0,0,0,0,0,0,0,0,0,6.4,0,0,0,0,0,0,-9999999,0,5.1,0,0,0,-9999999,47.7,0,1,1.9,0,0.2,0,3,0,0,1.8
27-May,0,0,6.8,0,0,0,0,0,0,0,4.2,0,0,0,0,0,0,0,0,0,0,-9999999,0,0,0,0,0,-9999999,0,0,0,0,0,0,0,0,0,0,0
28-May,0,0,0,23.5,0,0,0,0,0,7.3,0,0,0,0,0,14,0,0,0,0,0,-9999999,0,0,0,0,0.5,-9999999,2.7,0,0,0,6,0,0,0,0,2.6,1
29-May,0,0,0,4.5,0,0,0,0,0,0,0,0,0,0,0,0,0,0,0,0,0,-9999999,0,0,0,0,1.5,-9999999,0,0,20,0,0,3.4,0,0.4,0.2,1.2,1.2
30-May,0,0,0,0,0,0,0,0,0,0,0,0,0,0,0,0,0,0,0,0,0,-9999999,0,0,0,0,0,-9999999,0,0,29,20,0,5,0,0,0,0.6,3.4
31-May,0,0,0,0,13.3,0,0,0,0,0,0,0,0,0,0,3,0,5,27.6,0,0,-9999999,0,0,3.6,3.2,0,-9999999,0,0,0,29,0,0,0,0.2,0,0,14.8
01-Jun,0,0,21.3,0,0,0,0,0,0,0,3.3,0,0,0,0,-9999999,0,0,0,0,0,-9999999,0,0,0,0,0,0,-9999999,0,0,0,0,0,0,14.8,0,0,4.6
02-Jun,0,0,22.4,0,0,0,0,0,0,0,2.2,0,0,0,0,-9999999,9.3,0,0,2.2,0,-9999999,0,0,0,0,0,0,-9999999,0,0,0,0,0,0,0,0,0,7.2
03-Jun,0,0,0,0,0,0,0,0,0,0,1,0,0,0,0,-9999999,0,0,0,4.3,0,-9999999,0,0,0,0,0,0,-9999999,0,0,0,0,0,0,0,1.2,1.2,0
04-Jun,0,0,0,0,0,0,0,0,0,0,3.5,3.4,0,0,0,-9999999,0,0,0,0,0,-9999999,0,0,0,0,0,0,-9999999,0,0,0,0,0,0,1,0,0,0.8
05-Jun,0,0,0,0,0,0,0,0,0,5.3,3.5,0,0,0,0,-9999999,0,0,0,6.2,0,-9999999,0,0,0,0,0,0,-9999999,0,0,0,0,0.2,0,0.4,2.2,0.6,0.2
06-Jun,0,0,0,0,0,0,0,0,0,7.4,28.3,0,0,0,0,-9999999,0,0,0,3.3,4.3,-9999999,0,0,0,0,0,0,-9999999,0,0,0,0,1.6,0.2,0,1.8,56,0
07-Jun,0,0,0,0,0,0,0,0,0,0,0,0,0,0,0,-9999999,0,0,0,0,0,-9999999,0,2.7,0,3.2,0,0,-9999999,0,0,0,-9999999,1,0,0,0,0,0.2
08-Jun,0,0,0,0,0,0,0,0,0,13.2,0,0,0,0,0,-9999999,0,0,0,0,0,-9999999,0,0,0,2.1,0,0,-9999999,0,0,0,0,0,0,6,0,19.4,0
09-Jun,0,0,0,0,0,0,0,0,0,8.6,0,0,0,0,0,-9999999,0,0,0,4.1,0,-9999999,0,0,0,4.3,0,0,-9999999,0,0,0,0,0,0,0.6,0,0,0
10-Jun,0,0,0,0,0,0,0,0,0,0,0,6.7,0,0,0,-9999999,0,0,0,19.2,0,-9999999,0,0,0,0,0,0,-9999999,6.3,0,0,0,0,0.6,0,0,0,0
11-Jun,0,0,0,0,0,0,0,0,0,3.2,0,0,5.3,0,0,-9999999,0,0,0,0,0,-9999999,0,0,0,0,0,0,-9999999,0,0,0,0,0,0.2,0,0,9,0
12-Jun,0,0,0,0,0,0,0,0,0,0,0,0,0,0,0,-9999999,0,0,0,0,0,-9999999,6.1,0,0,0,0,0,-9999999,0,0,0,-9999999,0,0,0.8,0.2,3.4,0
13-Jun,0,0,0,0,0,0,0,0,0,9.1,0,0,0,0,0,-9999999,1.9,3.4,0,9.6,0,-9999999,0,0,0,0,0,0,-9999999,0,0,0,0,0,0.2,0,0,1,0
14-Jun,0,0,0,0,0,0,0,0,0,0,0,0,0,0,0,-9999999,0,0,0,3.6,0,-9999999,0,0,0,0,0,0,-9999999,0,0,0,-9999999,0.6,0.2,0,0,0.2,0
15-Jun,0,0,0,0,0,0,0,0,0,8.3,0,0,0,0,0,-9999999,0,0,0,0,0,-9999999,0,0,0,0,0,0,-9999999,0,0,0,0,1,0.2,0,5.8,0,0
16-Jun,0,0,0,0,0,0,0,0,0,4.3,0,0,0,0,0,-9999999,0,0,0,0,2.1,-9999999,0,0,0,0,0,0,-9999999,0,0,0,0,3.8,0,0.2,1,0,0
17-Jun,5.4,0,0,0,0,0,0,0,0,0,0,0,0,0,0,-9999999,0,0,0,0,3.4,-9999999,0,0,0,0,0,0,-9999999,0,0,0,0,2.6,0,0,13,0,0
18-Jun,0,0,0,0,0,0,0,0,0,7.4,0,2.5,3.4,0,0,-9999999,0,0,0,0,0,-9999999,0,0,0,0,0,0,-9999999,0,0,0,0,0.4,0,0.6,7,0,0
19-Jun,0,5.4,0,0,0,0,0,0,0,0,0,0,0,0,0,-9999999,0,2.1,0,0,0,-9999999,0,0,0,0,0,0,-9999999,0,0,0,0,0.8,0,0,0.6,0,1.4
20-Jun,0,3.1,0,0,0,0,0,0,0,0,0,0,0,0,0,-9999999,0,0,0,0,0,-9999999,0,0,0,0,0,0,-9999999,0,0,0,0,0,0,0.2,0.4,0,0
21-Jun,0,0,0,0,0,0,0,0,0,0,0,0,0,0,0,-9999999,0,0,0,0,0,-9999999,0,1.3,7.3,0,0,0,-9999999,0,0,0,0,0,1.6,0.2,4.8,0.6,0
22-Jun,0,0,0,0,0,3.4,0,0,0,9.8,0,0,0,0,0,-9999999,0,7.7,0,0,0,-9999999,0,0,0,0,0,0,-9999999,0,0,0,0,0,1.4,0,0.2,0,0
23-Jun,0,0,0,0,0,0,0,0,0,0,0,0,0,0,0,-9999999,0,0,0,0,0,-9999999,0,0,0,0,1.5,0,-9999999,0,0,0,0,0,0,16.6,1.8,2.6,0
24-Jun,0,0,0,0,0,2.1,0,0,0,0,0,0,0,0,0,-9999999,0,0,0,0,0,-9999999,0,0,0,0,0,0,-9999999,0,0,0,0,1,0,0,1,0,0.2
25-Jun,0,0,0,0,0,0,0,0,0,0,0,0,8.7,0,0,-9999999,0,0,0,0,0,-9999999,0,0.5,0,0,0,0,-9999999,5.3,0,0,0,0,0,0,0.2,0,0
26-Jun,0,0,0,0,0,0,0,0,0,0,0,0,0,0,0,-9999999,0,0,0,0,0,-9999999,0,0,0,0,0,0,-9999999,0,0,0,0,1.4,0,0.4,0.4,0,0
27-Jun,0,0,0,0,0,0,0,0,4.8,0,0,0,0,0,0,-9999999,0,0,0,0,0,-9999999,0,0,0,0,0,6.9,-9999999,0,0,0,0,2.8,0,0,1.4,0,0
28-Jun,0,0,0,0,0,0,0,0,0,0,0,0,0,0,0,-9999999,0,0,9.6,0,0,-9999999,0,0,0,0,0,3,-9999999,0,0,0,0,0,0.8,0,0,0.2,0
29-Jun,0,0,0,0,0,0,0,0,0,0,0,38.8,0,0,0,-9999999,0,0,0,0,0,-9999999,0,0,0,0,0,0,-9999999,0,0,0,0,0,0,0,0,0.2,0.6
30-Jun,0,0,0,0,0,0,0,0,0,0,0,0,0,0,0,-9999999,0,0,0,0,0,-9999999,0,0,0,0,0,0,-9999999,0,0,0,0,0,0,0,0,0,0.8
01-Jul,0,0,0,0,0,0,0,0,0,0,0,0,-9999999,0,0,0,0,0,0,0,0,-9999999,0,0,0,0,0,0,0,0,0,0,0,0,0.6,0,0,0,0
02-Jul,0,0,0,0,0,0,0,0,0,0,0,3.5,-9999999,0,0,0,0,9.4,0,0,0,-9999999,0,0,0,0,0,0,0,0,0,0,0,0,0,0,0,0.4,2
03-Jul,0,0,0,0,0,0,0,0,0,0,0,0,-9999999,0,0,0,0,7.8,0,3.1,3.2,-9999999,0,0,0,0,0,0,0,0,0,0,0,0,0,3.4,0,0,0
04-Jul,0,3.5,0,0,0,0,0,0,0,0,0,0,-9999999,0,0,0,3.3,0,0,0,0,-9999999,0,0,0,0,0,0,0,0,0,0,0,0,0,0.6,0,0,0
05-Jul,0,3.7,0,0,0,0,0,0,0,0,0,0,-9999999,0,0,0,0,0,0,5.2,0,-9999999,0,0,0,0,0,0,0,0,0,0,0,0,0,2.4,0,0,0
06-Jul,0,0,0,3.5,0,0,0,0,0,0,0,0,-9999999,0,0,0,0,0,0,3.2,0,-9999999,0,0,0,0,0,0,0,0,0,0,0,0,0,0.8,0,2.4,0
07-Jul,0,0,6.8,0,0,0,0,0,5.4,0,0,0,-9999999,0,4.7,0,0,0,0,0,0,-9999999,0,0,0,0,0,0,0,0,0,0,0,1,0,0,0.4,1,4.8
08-Jul,0,0,0,0,0,0,0,0,0,0,0,0,-9999999,0,0,0,0,0,0,0,0,-9999999,0,0,0,0,0,0,6.7,1.5,0,0,0,2.8,0,0,0.2,0.6,4.4
09-Jul,8.1,0,0,0,0,0,0,0,0,0,0,0,-9999999,0,0,0,5.2,0,0,0,4.1,-9999999,0,0,0,3.2,0,0,0,1,0,0,0,1.4,0,0.2,0,0,0
10-Jul,0,0,0,0,0,0,0,0,0,0,0,0,-9999999,0,0,0,2.1,0,0,0,0,-9999999,0,0,0,0,0,0,0,0,0,0,0,0,0,1.8,0,0,0.8
11-Jul,0,0,0,0,0,0,0,0,0,0,0,0,-9999999,0,0,0,0,0,0,3.4,0,-9999999,0,0,0,0,0,0,0,0,0,0,0,0,0,4.6,0.6,3.6,0
12-Jul,0,0,0,0,0,0,0,4.7,0,0,0,0,-9999999,0,0,0,0,0,0,7.1,0,-9999999,0,0,0,0,0,0,0,0,0,0,0,0,0,1.2,0.4,3,0
13-Jul,0,0,0,0,0,0,0,0,0,0,0,0,-9999999,0,0,12.8,0,0,0,0,0,-9999999,0,1.7,0,0,0,0,0,0,0,0,0,0,0,2,0,0.2,0
14-Jul,0,2.4,0,0,0,0,0,0,0,0,0,0,-9999999,0,0,0,0,0,0,0,2.3,-9999999,0,1.3,0,0,0,0,0,0,0,0,0,0,0,0,0,0,0
15-Jul,0,3.3,0,0,0,0,0,0,0,0,0,0,-9999999,0,0,0,4.1,0,0,0,0,-9999999,0,0,0,0,0,0,0,0,0,0,0,0,0,0.2,0,2,0
16-Jul,0,0,0,0,0,0,0,0,0,0,0,0,-9999999,0,0,0,0,0,0,0,0,-9999999,0,0,0,0,0,0,0,0,0,0,0,0,0,0,0,0,0
17-Jul,5.3,0,0,0,0,0,0,0,0,0,0,0,-9999999,0,0,0,6.2,0,0,0,0,-9999999,7.3,0,3.1,0,0,0,0,0,10.3,10.3,0,0.4,0,1.2,0,0,0
18-Jul,0,0,0,0,0,0,0,0,0,0,0,0,-9999999,2.8,0,1.2,0,0,0,0,0,-9999999,0,0,0,0,0,0,6.8,0,0,0,0,0,0,4.2,0.4,0,0
19-Jul,0,0,0,0,0,0,0,4.5,6.7,0,0,0,-9999999,3.2,0,0,3.8,0,0,3.8,0,-9999999,0,0,0,0,0,0,0,0,0,0,0,1.8,1.4,0.8,0.2,0,4.2
20-Jul,0,0,0,0,0,0,0,0,0,0,0,0,-9999999,0,0,0,5,0,0,4.3,2.2,-9999999,0,0,0,0,0,0,0,0,0,0,0,0,0,0,0.4,0,6
21-Jul,0,4.3,0,0,0,0,0,0,0,0,0,0,-9999999,0,0,0,2.5,3.5,0,0,0,-9999999,0,0,0,0,0,0,0,0,0,0,0,0.8,0,0,1.6,0.6,0.2
22-Jul,0,2.1,0,0,0,0,0,0,0,0,0,3.5,-9999999,0,0,0,0,0,1.2,0,0,-9999999,5.1,2.3,0,0,0,0,0,0,0,0,0,1.6,0,0,3.4,0.2,0
23-Jul,0,0,0,0,0,0,0,0,0,0,0,6.8,-9999999,0,0,2.5,0,0,3.4,0,0,-9999999,0,0,1.6,0,0,0,0,0,0,0,0,0,0,0,1.6,0.2,0.2
24-Jul,5.1,0,0,0,0,0,0,0,0,0,0,4.3,-9999999,0,0,1,0,0,0,0,0,-9999999,0,0,0,0,0,0,0,0,0,0,0,0,0,0,1,0,0
25-Jul,0,0,0,0,0,0,0,0,0,0,0,0,-9999999,0,0,0,0,0,0,0,0,-9999999,0,0,0,0,0,0,0,0,0,0,0,0.8,0.2,0.6,0,0,1
26-Jul,0,0,0,0,0,0,0,3.2,0,0,0,0,-9999999,0,9.1,0,0,0,0,0,0,-9999999,4.2,0,2.7,0,0,0,0.8,0,0,0,0,5.8,0,0,0.4,2,0.6
27-Jul,0,2.2,0,0,0,0,0,0,0,0,0,0,-9999999,0,0,0,0,0,0,0,0,-9999999,0,0,1.2,0,0,0,0,8.1,0,0,0,4.2,0,0,0,0.6,0
28-Jul,0,0,0,0,0,0,0,0,0,0,0,0,-9999999,0,0,0,0,0,0,0,0,-9999999,0,0,2.3,0,0,0,0,0,8,8,1,0,0,0,4.2,0,1.2
29-Jul,0,0,0,0,0,0,0,0,0,0,0,0,-9999999,0,0,0,0,0,0,0,0,-9999999,0,0,0,0,0,0,3.3,1.4,22.3,22.3,0,0.2,1,1.4,1.6,0,0.4
30-Jul,6,0,0,0,0,0,0,0,0,0,0,0,-9999999,0,0,0,0,0,0,0,0,-9999999,0,18.5,0,0,0,0,0,0,0,0,2,0,0,0.6,0,0,1
31-Jul,0,0,0,0,0,0,0,0,0,0,0,0,-9999999,0,0,0,0,0,0,0,2.6,-9999999,0,0,0,0,0,0,0,0,2.4,2.4,0,0,0,0,7.4,0.8,0
01-Aug,0,0,0,0,0,0,0,0,0,0,0,0,0,0,0,0,0,7.3,-9999999,0,0,-9999999,0,0,2.6,0,0,0,1.4,0,9.3,9.3,0,0.2,3,0,0.4,0,0
02-Aug,0,0,0,0,0,0,0,0,0,0,0,0,0,0,0,0,0,3.4,-9999999,0,0,-9999999,0,0,0,11.9,0,0,0,0,10,10,0,0.6,0,0.2,0,0.4,0.2
03-Aug,0,0,0,0,0,0,0,0,0,0,0,0,0,0,0,0,0,2.1,-9999999,3.1,0,-9999999,0,0,0,0,10,0,0,0,0,0,0,1.6,0,0,3.2,0.4,0.8
04-Aug,0,0,0,0,0,0,0,0,0,0,0,0,0,0,0,5.2,0,0,-9999999,0,0,-9999999,0,0,0,0,15,0,2.2,0,0,0,0,0,0,0.4,1.8,0.8,0
05-Aug,3.4,0,0,0,0,0,0,0,0,0,0,0,0,0,0,0,0,0,-9999999,3.4,0,-9999999,0,0,0,0,0,0,0,0,0,0,0,0,0.4,0,1.8,0,0
06-Aug,3.7,3.5,0,0,0,0,0,0,0,0,0,0,3.1,0,0,0,0,0,-9999999,0,0,-9999999,0,0,0,0,0,0,0,0,0,0,0,0.8,0,0,1.4,0,0
07-Aug,0,0,0,0,0,0,0,0,0,0,0,0,0,0,0,1,0,0,-9999999,0,0,-9999999,0,0,0,0,0,0,0,0,0,0,0,8.4,1.4,0,1.2,1.8,1.6
08-Aug,0,0,0,9.8,0,0,0,0,0,0,0,0,0,0,0,0,0,0,-9999999,0,0,-9999999,0,0,0,0,0,0,0,0,0,0,0,1,5.8,0,4.8,2,3.8
09-Aug,0,0,0,0,0,0,0,0,0,0,9.7,0,0,0,0,0,0,0,-9999999,0,0,-9999999,0,0,0,0,20,0,7,0,0,0,0,0.6,1.2,1.4,2,0,3
10-Aug,2.2,0,0,0,0,0,0,0,0,0,3.4,0,0,0,3.2,1.4,0,0,-9999999,5.3,0,-9999999,0,0,0,0,15,0,0,0,0,0,0,4.8,2,0,0.2,0.6,1.2
11-Aug,0,0,0,0,0,0,0,0,0,0,0,0,0,0,3.5,0,0,0,-9999999,4.2,0,-9999999,0,0,0,0,31,0,1.9,0,0,0,0,1.8,1.8,2.8,0,0.6,0.4
12-Aug,2.5,0,0,0,0,0,0,0,0,0,4.1,0,0,0,0,0,0,0,-9999999,6.4,0,-9999999,3.2,0,4.2,3.6,0,0,3.6,0,0,0,0,0,2.2,0,1.4,0.2,0.4
13-Aug,0,3.6,0,10.1,0,0,0,0,0,0,0,0,2.2,0,0,0,0,0,-9999999,0,0,-9999999,0,0,0,0,0,0,0,0,0,0,0,0,0.2,0.2,1.2,0.8,0.2
14-Aug,0,4.2,0,0,0,0,0,0,0,0,29.2,0,0,0,0,0,0,0,-9999999,0,0,-9999999,0,0,0,7,0,0,0,0,0,0,0,0,1.6,0,0,1.6,0.2
15-Aug,0,0,0,0,0,0,0,0,0,0,0,0,0,0,0,3.4,0,0,-9999999,0,0,-9999999,0,0,0,0,0,0.7,0,0,0,0,0,0,0,0,0,1.4,0.4
16-Aug,0,0,0,0,0,0,0,0,0,0,0,0,0,0,0,1.1,0,0,-9999999,0,0,-9999999,3.2,0,0,0,0,0,3.4,0,0,0,0,0,0,0,0,1,0.2
17-Aug,0,0,0,0,0,0,0,0,0,0,0,0,0,0,0,0,0,0,-9999999,0,0,-9999999,0,0,0,0,0,0,1.1,0,0,0,0,0.2,0,0.6,0,0,0.2
18-Aug,4.3,0,0,0,0,0,0,0,0,0,0,14.5,2.3,0,0,0,0,0,-9999999,0,0,-9999999,0,0,0,3.4,0,0,0,0,0,0,3,0.2,0,1.2,0,0,0.2
19-Aug,2.1,0,0,0,0,0,0,0,0,0,0,0,0,0,0,0,0,0,-9999999,0,0,-9999999,0,0,0,3.3,0,0,0,0,0,0,7,0,0,0,0,0,0.4
20-Aug,0,0,0,0,0,0,0,0,0,0,0,0,0,0,0,0,0,0,-9999999,0,0,-9999999,0,0,0,0,0,0,0,0,0,0,2,0,0.2,10.4,13.8,0,0.8
21-Aug,0,0,0,0,0,0,0,0,0,0,0,18.7,0,0,0,0,0,0,-9999999,0,0,-9999999,0,0,0,0,5,1.5,0,0,0,0,0,0,0,0.2,0,0,0
22-Aug,0,0,0,0,0,0,0,0,5.3,0,0,5.1,0,0,0,0,0,0,-9999999,0,0,-9999999,2.1,0,0,0,0,0.5,0,0,0,0,0,4.6,0,0,0,0,0.2
23-Aug,0,0,0,8.3,0,0,0,0,0,0,0,0,0,0,0,0,0,0,-9999999,0,0,-9999999,0,0,0,0,0,0,0,0,0,0,0,0.6,0,0,9.4,0,0.4
24-Aug,0,0,0,0,0,0,0,0,2.9,0,0,0,0,0,0,0,0,0,-9999999,0,0,-9999999,0,0,0,0,0,0,0,0,0,0,0,1,0,1.4,1.4,10.6,0
25-Aug,0,0,0,0,0,0,0,0,0,0,0,0,0,0,0,0,0,0,-9999999,0,0,-9999999,0,0,0,0,0,0,0.3,5.6,0,0,0,1.8,0,2.8,0,7,0
26-Aug,0,0,0,0,0,0,0,0,0,0,0,0,0,0,0,0,0,0,-9999999,0,0,-9999999,0,1.9,0,0,0,0,0,0,0,0,0,0,2.4,0.8,0,2.2,0
27-Aug,0,0,0,0,0,0,0,0,4.4,0,0,7.2,0,0,0,0,0,0,-9999999,0,0,-9999999,0,0,0,0,45,0,0,0,0,0,0,0.2,2,1.8,0,0,0
28-Aug,0,0,0,0,0,0,0,0,0,0,0,0,0,0,0,0,0,0,-9999999,0,0,-9999999,1.5,0,0,0,0,0,0,0,0,0,0,4.8,0,0,0,0,0
29-Aug,0,0,0,0,0,0,0,0,0,3.1,0,0,0,0,0,0,0,0,-9999999,0,0,-9999999,0,0,0,0,0,0,0,0,0,0,0,4.8,0,0,1.2,0,0.8
30-Aug,0,0,0,0,0,0,0,0,0,0,0,0,0,0,3.5,0,0,0,-9999999,0,0,-9999999,0,0,0,0,0,0,0,0,0,0,0,2.2,0.4,0,0.4,0,0
31-Aug,0,0,0,0,0,0,0,0,0,0,0,0,0,0,0,0,0,0,-9999999,0,0,-9999999,0,0,2.2,0,0,0,0,0,0,0,0,0,0.4,0,0.2,6.6,1.8
01-Sep,0,0,0,0,12.8,0,0,0,0,0,0,0,-9999999,0,0,0,0,0,-9999999,0,0,-9999999,0,0,0,0,0,0,3.4,0,0,0,0,0,0,0,0,0,0
02-Sep,0,0,0,0,0,0,0,0,0,0,0,0,-9999999,0,0,0,0,0,-9999999,0,0,-9999999,1.5,0,0,0,0,0,-9999999,0,0,0,0,1,1.2,0,3.2,4,0.2
03-Sep,0,0,0,0,0,0,0,0,0,0,0,0,-9999999,0,0,0,0,0,-9999999,0,0,-9999999,0,6,0,10.5,0,0,-9999999,0,0,0,0,0,5,0,0.2,0,0
04-Sep,0,0,0,0,0,0,0,0,0,0,0,0,-9999999,0,0,0,0,0,-9999999,0,0,-9999999,0,0,0,0,0,0,-9999999,0,0,0,0,0,0,0,0.2,5.4,0
05-Sep,0,0,0,0,0,0,0,3.5,0,4.2,0,0,-9999999,0,0,0,0,0,-9999999,0,0,-9999999,0,0,0,0,0,0,-9999999,0,0,0,0,0,2.6,0,0,9.4,0
06-Sep,0,0,0,0,0,0,0,4.1,0,0,0,0,-9999999,0,0,0,0,0,-9999999,0,0,-9999999,0,0,0,0,0,0,-9999999,0,0,0,0,0,1.6,0.4,0,3.6,0
07-Sep,0,0,0,0,0,0,0,0,0,0,0,0,-9999999,0,0,0,0,0,-9999999,0,0,-9999999,0,0,0,0,0,0,-9999999,0,0,0,0,0,0,1.2,0,0,0
08-Sep,0,0,0,0,0,0,0,0,0,0,0,0,-9999999,0,0,0,0,0,-9999999,0,0,-9999999,0,0,0,0,0,0,1.6,0,0,0,0,0,0,3.4,0,0,0.2
09-Sep,0,0,0,0,0,0,0,0,0,0,0,0,-9999999,0,0,0,0,0,-9999999,0,0,-9999999,0,0,0,0,0,0,1.7,0,0,0,0,0,0,0,2.2,0,0
10-Sep,0,0,0,0,0,0,0,0,0,0,0,0,-9999999,0,0,0,0,0,-9999999,0,0,-9999999,0,0,0,0,0,0,-9999999,0,0,0,0,0,0,0,0,0,0
11-Sep,0,0,0,0,0,0,0,0,0,0,0,0,-9999999,0,0,0,0,0,-9999999,0,0,-9999999,0,0,0,0,0,0,-9999999,0,0,0,0,0,5.6,0,0,0,0
12-Sep,0,0,0,0,0,0,0,0,0,0,0,0,-9999999,0,0,0,0,0,-9999999,0,0,-9999999,0,0,0,0,0,0,-9999999,0,0,0,0,0.2,3.8,0,0,0,0.6
13-Sep,0,0,0,0,0,0,0,0,0,0,0,0,-9999999,0,0,0,0,0,-9999999,0,0,-9999999,0,18.8,0,0,0,0,-9999999,0,9,9,0,0,1,1.4,0,0,0
14-Sep,0,3.2,0,0,0,4.5,0,0,0,0,0,0,-9999999,0,0,0,0,0,-9999999,0,0,-9999999,0,0,0,0,0,0,-9999999,0,0,0,0,0,0,0,0,0.2,0
15-Sep,0,0,0,0,0,0,0,0,0,0,0,0,-9999999,0,0,0,0,0,-9999999,0,0,-9999999,0,0,0,0,0,0,-9999999,0,0,0,0,0,5,0,0,0,0.4
16-Sep,0,0,0,0,0,0,0,0,0,0,0,18.3,-9999999,0,0,0,0,0,-9999999,0,0,-9999999,0,0,0,0,0,0,-9999999,0,0,0,0,1.8,0.4,0,0,17,0
17-Sep,0,0,0,0,0,0,0,0,0,0,8.7,0,-9999999,0,0,0,0,0,-9999999,0,0,-9999999,0,0,0,21.6,0,0,-9999999,0,0,0,0,0,0,0,1.4,0,0
18-Sep,43.4,0,0,0,0,0,0,0,0,0,0,0,-9999999,0,0,0,0,0,-9999999,0,0,-9999999,0,0,0,0.6,0,0,-9999999,0,0,0,0,0.2,0,0,1,0,0
19-Sep,34.3,0,0,0,0,0,0,0,0,0,0,0,-9999999,0,0,0,0,0,-9999999,0,0,-9999999,0,0,0,0,0,0,-9999999,0,0,0,0,0.2,0,0,1,0,0
20-Sep,0,0,0,0,0,0,0,0,0,0,0,0,-9999999,0,0,0,0,0,-9999999,0,0,-9999999,0,0,0,0,0,0,-9999999,37.5,0,0,0,0,0,0,0,0,0
21-Sep,0,0,0,0,0,0,0,0,0,0,0,0,-9999999,0,0,0,0,12.1,-9999999,0,0,-9999999,0,0,0,0,0,0,-9999999,0,0,0,0,0,0,0,0,0,0
22-Sep,0,0,0,0,0,0,0,0,0,0,0,0,-9999999,0,0,0,0,0,-9999999,0,0,-9999999,0,0,0,0,0,0,-9999999,0,0,0,0,0,0,0,0.8,0,0
23-Sep,0,0,0,0,0,0,0,0,0,0,0,0,-9999999,0,0,0,0,0,-9999999,0,0,-9999999,0,0,0,0,0,0,-9999999,0,0,0,0,0.6,0,0,0.6,0,0
24-Sep,0,0,0,0,0,0,0,0,0,0,0,0,-9999999,0,0,0,0,0,-9999999,0,0,-9999999,0,0,0,0,0,0,-9999999,0,0,0,0,0,59,0,0.6,0,0
25-Sep,0,0,0,0,0,6.8,0,0,0,0,0,0,-9999999,0,0,0,0,0,-9999999,0,0,-9999999,0,0,0,0,0,0,-9999999,0,0,0,0,0,0,0,0.2,1.2,0
26-Sep,0,0,0,0,0,0,0,0,0,0,0,0,-9999999,0,0,0,0,0,-9999999,0,0,-9999999,0,0,0,0,0,0,-9999999,0,0,0,0,0,0,1.8,0,0,0
27-Sep,0,0,0,0,0,0,0,0,0,0,0,0,-9999999,0,0,0,0,0,-9999999,0,0,-9999999,0,3.5,0,0,0,0,-9999999,0,0,0,0,0,0,0,0,0,0
28-Sep,0,2.5,0,0,0,0,0,0,0,0,0,0,-9999999,0,0,2.1,0,0,-9999999,0,0,-9999999,0,0,0,0,0,0,-9999999,0,0,0,0,0,0,0,0,0,0
29-Sep,0,0,0,0,0,0,0,0,0,0,0,0,-9999999,45.9,0,3.4,0,0,-9999999,0,3.2,-9999999,0,0,0,0,0,0,-9999999,21,0,0,0,0.2,3.6,2,0,0,0
30-Sep,0,0,0,0,0,0,0,0,0,0,0,0,-9999999,0,0,0,0,0,-9999999,0,0,-9999999,0,0,0,0,0,0,-9999999,0,0,0,0,1,8.6,0,0,0,0
01-Oct,0,0,0,0,0,0,16.4,0,0,0,0,0,0,0,0,3.2,0,0,-9999999,0,0,-9999999,0,0,0,0,0,0,0,0,0,0,-9999999,0,0,0,0,0,0
02-Oct,0,0,0,0,0,0,0,0,0,0,0,0,0,0,0,5.2,0,0,-9999999,0,0,-9999999,0,0,1.6,0,0,0,0,0,0,0,30,0,0.6,0,0.8,0,0
03-Oct,0,0,0,0,0,0,0,0,0,0,0,0,0,0,0,0,0,0,-9999999,0,0,-9999999,0,0,0,0,5,0,0,0,0,0,3,0,4.6,0,2.2,0,0
04-Oct,0,0,4.6,0,0,0,6.7,0,0,0,0,0,0,0,0,0,0,0,-9999999,0,0,-9999999,0,0,0,0,0,0,0,5.4,0,0,3,0.4,0,0,0,0.4,0.6
05-Oct,0,0,0,0,0,0,0,0,0,0,0,0,7.1,0,0,0,0,0,-9999999,0,0,-9999999,0,0,0,0,0,0,0,0,0,0,0,0,0,0,0,0,0.4
06-Oct,15.2,0,0,0,0,0,0,19.2,0,0,0,0,5.6,0,0,0,0,0,-9999999,0,27.7,-9999999,0,21,0,0,0,0,0,0,0,0,0,0,0,0,1.4,19.4,0
07-Oct,0,0,0,0,1.2,0,27.3,22.3,0,0,0,0,4.3,0,0,0,0,0,-9999999,0,0,-9999999,0,0,0,0,0,0,0,0,8,0,0,0,1.4,1.4,0.4,0.8,0
08-Oct,0,0,0,0,0,0,26.4,7.3,0,0,0,0,8.9,0,0,0,0,0,-9999999,0,13.4,-9999999,0,0,0,0,0,0,0,0,6,8,0,0,0.2,1,0,0.2,0
09-Oct,3.1,0,0,0,0,0,0,0,18.4,0,0,0,0,0,0,0,0,0,-9999999,0,0,-9999999,0,0,0,16.8,0,0,0,0,0,6,0,0,0,0,0,0,1.4
10-Oct,0,0,0,0,0,43.1,0,0,3.5,0,0,0,0,0,0,0,0,0,-9999999,0,0,-9999999,0,0,0,9.7,0,0,0,0,80.6,0,3,0,0,0.6,0,0,0
11-Oct,0,0,0,0,0,45.6,4.6,0,0,0,0,0,14.1,0,1.4,0,0,0,-9999999,0,0,-9999999,0,0,0,0,0,0.2,0,0,0,20.6,0,0,1.6,90.2,0,0.4,0
12-Oct,0,60.7,0,5.6,0,0,0,0,0,0,0,0,0,0,0,0,0,9.9,-9999999,0,0,-9999999,0,0,0,0,0,0,0,0,10,0,0,0,20.2,51.8,2,0,0
13-Oct,0,0,0,0,0,19.2,0,0,0,0,0,0,0,0,0,0,0,8.7,-9999999,0,37.8,-9999999,0,0,0,0,0,0,0,0,0,0,0,0,3,8.2,0,0,8
14-Oct,8.7,0,0,0,0,32.8,0,0,0,0,0,0,0,0,15,0,0,0,-9999999,0,12.8,-9999999,0,0,0,0,0,9.8,0,5.2,10.1,10.2,7,0.4,47.6,40.6,0,0,0.6
15-Oct,0,0,0,0,0,31.4,0,0,0,0,0,0,0,0,32,0,0,5.4,-9999999,0,13.4,-9999999,0,0,0,0,0,0.4,0,23.3,0,0,12,0.6,33.2,18.8,0,0,0.4
16-Oct,0,0,0,0,0,30.9,0,4.9,0,0,0,0,0,0,33,0,0,0,-9999999,0,0,-9999999,0,0,0,11.1,0,0,0,0.5,8,8,0,0,1.6,0.8,0,0,20
17-Oct,0,0,0,0,0,33.2,0,0,4.7,0,0,0,0,15.7,0,0,0,20.8,-9999999,0,0,-9999999,0,0,0,0,0,10.4,0,0,0,0,20,0.2,0,0,0,0.8,30.2
18-Oct,0,0,0,0,0,34.8,0,0,0,0,0,0,0,0,16,0,4.6,24.8,-9999999,0,31.5,-9999999,0,0,0,0,0,0.5,10.8,0,0,0,4,0.4,0,0,0,0,24.4
19-Oct,0,0,0,0,0,0,0,0,0,0,0,0,0,15.7,8,0,0,23.3,-9999999,0,19.6,-9999999,0,0,0,0,0,40,0.5,22.3,0,0,30,0,13,0.4,0,0,42.4
20-Oct,0,40.6,0,0,2.1,21.7,0,13.4,0,3.1,0,0,0,0,0,0,0,8.9,-9999999,0,15.6,-9999999,0,0,0,0,0,1.8,0,0,0,0,39,0,13.9,0,0,2.2,0
21-Oct,0,40.9,27.3,0,0,17.8,0,58.7,0,0,0,0,0,41.5,0,5.4,0,18.1,-9999999,0,14.4,-9999999,0,0,0,0,0,2.1,0,0,0,0,0,0,3.3,25.2,0,46.2,0
22-Oct,0,0,15.6,0,0,0,8.7,8.6,32.3,0,0,0,0,18.3,0,0,0,9.4,-9999999,0,0,-9999999,0,0,0,14.6,0,8,0,28,0,0,0,0,2.8,0,2.8,0.2,4.6
23-Oct,0,0,0,0,0,0,0,7.4,16.6,10.9,0,23.4,0,0,0,0,0,10.2,-9999999,0,3.9,-9999999,0,0,0,9.3,40.6,20.1,2.7,22.2,0,0,0,1,12.8,0,0.2,0.6,54.4
24-Oct,0,45.7,12.1,0,16.3,0,0,6.3,3.4,5.4,0,22.7,31.8,0,0,0,3.7,7.6,-9999999,0,0,-9999999,0,0,0,0,60,50.9,21.7,0,0,0,0,28,0,1,0,5.2,2
25-Oct,0,47.7,0,0,27.5,0,0,5.3,0,0,0,20.9,40,17.8,0,0,0,13.9,-9999999,0,0,-9999999,0,0,0,0,11,5.2,6.5,0,40.5,20.5,0,45.6,8.2,7.4,0,0,0
26-Oct,0,0,0,16.2,9.4,0,19.4,4.1,0,0,0,0,0,23.3,0,41,0,6.5,-9999999,0,0,-9999999,0,0,0,8.4,0,10.6,0,0,78.5,78.5,0,2.2,2,0,0,0,0
27-Oct,0,0,0,0,30.1,10.7,0,0,0,0,0,36.8,47.3,6.3,0,18.5,0,18.2,-9999999,0,0,-9999999,3.2,0,0,0,15.5,0,0,10.1,0,0,0,0,5.8,0,1,0,0
28-Oct,0,0,0,86.8,0,10.4,0,0,2.8,0,0,0,0,5.2,0,13.3,0,0,-9999999,0,0,-9999999,0,4.6,0,0,13.2,0,0,0,0,0,0,0,14.8,6.4,0,0,0
29-Oct,3.1,35.5,0,0,0,10.2,46.5,0,0,0,0,0,0,0,0,0,15.8,0,-9999999,0,21.5,-9999999,0,0,0,29.2,0,9,0,0,0,0,0,0,54.8,0,0,4.8,5
30-Oct,0,19.9,0,0,0,0,10.3,13.6,6,0,0,0,11.1,0,15,19.3,15.9,2.7,-9999999,0,8.4,-9999999,0,0,0,0,14.2,0,0,50,9,9,0,0,-9999999,0,5.6,29.8,25.6
31-Oct,0,0,0,0,0,6.9,0,0,0,0,0,0,0,0,0,0,0,6.7,-9999999,0,9.9,-9999999,0,0,0,0,0,0,0,0,0,0,0,,0,0,0,0.2,0
01-Nov,32.4,0,0,10.1,0,34.8,11,27.2,0,0,0,0,0,28.6,0,1.6,0,0,0,19,40.7,-9999999,0,0,14.7,29.4,25,0,0,0,0,0,6,12.8,0,0,0,4.6,15
02-Nov,25.4,6.4,21.4,10.4,0,0,19.2,0,0,0,0,0,0,28.9,5,9.1,0,18.4,0,8.7,9.7,-9999999,13.6,35.6,12.7,0,15,0,0,0,0,0,16,6.4,0,12.8,2,3.2,5.2
03-Nov,0,6.7,11.4,34.2,0,0,0,0,4.8,2.1,0,47.2,0,29.2,0,19.7,0,18.7,0,19.3,27.4,-9999999,0,0,0,7.1,14.4,5.6,0,0,0,0,0,0.2,21,29.4,6.8,52,0.2
04-Nov,0,7.6,9.7,36.8,0,0,0,3.4,0,1.5,20.4,35.7,0,43.7,2,5.3,0,62.7,12.3,5.4,27.5,-9999999,0,8.2,20.5,16.2,0,0,5,5.4,0,0,10,0.6,0,22.9,12,16.4,0
05-Nov,37.6,0,63.2,11.5,0,0,0,0,8.6,20.9,0,36.8,0,0,1,6.4,0,32.8,0,5.6,32,-9999999,3.2,0,13.8,4.7,7,8.2,12,17,0,0,0,2,0,42.7,26.2,0.2,44.6
06-Nov,35.5,0,0,15.4,0,0,0,6.2,6.9,1.2,3.2,0,0,9.1,0,10.2,0,20,0,0,27.7,-9999999,0,28.8,0,86.4,0,30,0.5,13.7,0,0,20,10.4,0,53,28.7,24.5,12.4
07-Nov,20.2,0,0,26.7,0,0,0,22.6,9.5,3.6,0,9.3,25.4,10.2,33.3,0,0,3.2,0,5.2,7.5,-9999999,0,0,0,14.4,0,0,0,17,1.4,0,32,0,0,0,56.1,2.5,0.2
08-Nov,0,0,0,1.3,13.8,2.5,0,9.2,16.9,0,7.7,0,14.1,9.6,14,0,0,13.6,0,0,0,-9999999,5.1,0,0,0,0,4,0,0,0,0,0,0,34.4,0,1.4,0,0
09-Nov,24.2,0,62.4,7.2,0,0,0,4.1,0,0,18.1,0,0,0,11,0,0,23.4,0,0,0,-9999999,15.9,0,0,0,0,0,7.2,0,0,0,0,28.8,23,8.4,6.4,2,6.6
10-Nov,33.5,0,28.7,0,0,0,0,7.8,0,0,0,13,16.2,0,0,0,50,24.3,12.6,0,4.8,-9999999,22.6,0,16.4,0,0,0,18.3,0,0,0,0,30.2,0,0.2,0,47.8,51.2
11-Nov,19.2,0,4.5,59.7,4.7,0,0,0,14.2,14.4,0,10.7,0,6.1,6.1,0,0,9.4,0,6.6,0,-9999999,5.1,3.1,5.6,3.3,2,0,0,0,0,0,0,2.6,0,7.4,26.2,8.2,71.2
12-Nov,0,0,28.6,6.4,19.5,5.4,0,10.2,0,0,6.3,0,16.3,6.4,0,0,0,0,9.1,26.6,0,-9999999,111,6,9,0,0,36.2,11.5,27.8,15.5,15.5,0,7.6,8.8,0,0.6,0,13
13-Nov,29.9,0,7.4,0,0,0,4.2,10.2,0,55.3,0,0,0,36.9,0,9.3,0,47.8,37.1,0,25.8,-9999999,30.1,0,7.7,0,10.5,5.8,0,0,0,0,0,0,14.6,0,0,0,0
14-Nov,16.2,4.6,0,10.7,8.1,3.6,0,9.3,0,3.4,19.1,0,0,6,0,12.9,0,12.8,18.4,0,8.3,-9999999,13.2,0,28.7,0,14,8.2,0,12.6,0,0,0,0,0,0,0,21.8,11.6
15-Nov,0,0,0,4.2,9.5,4.3,0,0,0,42.5,0,19.4,0,17.3,0,0,0,12.6,0,0,0,-9999999,3.6,0,0,0,0,7.5,0,20.8,4.8,48,0,0,0.2,0,0,7.4,4.6
16-Nov,4.3,10.3,0,0,0,6.7,0,0,14.4,0,0,8.4,7.5,0,14,7.2,36.4,24.4,0,0,0,-9999999,0,4,0,11.8,0,20,0,19.5,0,0,0,2.8,4.8,0,0,7.4,0
17-Nov,0,14.3,0,0,17.2,5.9,0,0,14.9,22.9,8.8,0,0,0,12.3,0,0,0,0,0,3.6,-9999999,55.8,0,0,0,0,50.1,6.7,70,0,0,0,0.6,9.2,11.6,0.2,13,
18-Nov,23.6,14.6,0,0,4.5,3.1,0,0,0,0,0,105.5,7.5,22.8,0,0,0,0,0,5.5,7,-9999999,5.3,0,0,0,20.2,0,0,45,0.2,2,0,0.4,0,0,0,0,
19-Nov,11,4.4,0,0,0,0,0,0,0,0,0,0,17.5,4.7,4,0,0,0,0,5,0,-9999999,4.5,0,0,3.5,0,0,0,100,0.4,3,0,0,0,0,0,0.6,
20-Nov,26.6,15.6,0,33.2,5.4,0,0,0,0,24.5,0,0,17.6,0,1,0,36.3,57.3,18.7,4.6,2.1,-9999999,11.5,10,0,0,13,0,0,0,0.3,0,0,0,17.8,0,0,1.2,
21-Nov,0,14.8,0,33.1,0,0,0,0,21.7,25.7,8.6,36.6,0,0,0,0,3.5,0,20.6,17.9,0,-9999999,10.1,27.2,0,0,29.5,82.2,11.7,4,0,0,0,0,4.6,0,0,3.2,
22-Nov,0,0,0,10.3,0,0,0,0,0,0,0,0,0,0,31.4,0,0,0,0,5.6,0,-9999999,0,0,5.6,0,19.2,1.2,0,24,0,0,0,0,3.6,0,0,0,
23-Nov,87.3,0,0,32.2,0,0,0,0,0,9.4,0,0,54.2,0,2.3,0,0,0,0,0,0,-9999999,31.3,19.2,0,0,0,22,15.8,0,0,0,0,0.8,0,0,0.4,0,
24-Nov,7.2,18.4,0,0,0,27.4,0,0,0,10.2,0,0,6.4,0,9,0,0,0,0,12.4,12.1,-9999999,0,7.6,0,0,0,10.2,1.1,0,0,0,0,0,6.4,0,0,0,
25-Nov,0,0,0,0,8.9,0,0,7.8,0,9.7,0,0,5.6,0,2.2,0,0,0,0,10.3,12.3,-9999999,12,7.1,15,0,0,15.4,0,0,0,0,0,8.4,10,0,0.2,0,
26-Nov,0,0,0,4.3,0,3.4,3.5,3.1,0,0,17.9,0,3.2,0,10.3,0,35.1,9,0,0,19.4,-9999999,0,0,0,0,4.8,0,3,8,0,0,0,6,19.6,6.4,0,0,
27-Nov,14.5,0,0,0,0,0,0,16,0,0,15.6,0,13,0,0,0,37.4,14,0,7.1,86.6,-9999999,16.3,0,6.5,0,0,0,0,0,0,0,0,0.2,0.4,0,15.2,0,
28-Nov,5.6,0,0,0,0,9.7,0,0,0,20.2,13.8,0,0,0,0,6,51.5,0,0,15.4,10.3,-9999999,16.4,0,4.6,0,8,0,0,5.8,0,0,0,0,12.2,44.2,0,0,
29-Nov,0,3.6,0,0,0,6.2,0,5.4,16.4,19.4,8.6,0,6,0,1,6.7,0,0,0,0,10.4,-9999999,36.3,0,0,0,0,15.2,0,35.3,0,0,0,0,0,3,0,0.2,
30-Nov,0,0,0,0,0,0,0,0,0,0,0,0,0,0,0,0,0,8.6,0,0,38.4,-9999999,0,0,63.5,8.7,0,0,0,38.7,0.4,0,0,0,0.2,4,41.4,0,
01-Dec,0,0,0,0,0,0,0,0,0,0,0,0,16.2,0,0,0,0,0,0,0,0,-9999999,5.7,0,0,0,7,0,0,3.5,-9999999,4,-9999999,0,0.6,0,1,36.2,
02-Dec,0,10.2,0,0,0,0,0,0,0,0,0,0,0,2.6,0,0,17.1,0,2.6,0,12.6,-9999999,0,0,0,0,5.5,0,7.7,0,-9999999,0,-9999999,0,42.4,35,2.8,5.8,
03-Dec,0,9.8,0,0,0,0,0,0,0,0,0,0,0,0,0,0,0,0,0,0,0,-9999999,18.3,0,0,20.5,0,0,0,0,-9999999,0,-9999999,0,4.8,41.2,0,0.2,
04-Dec,0,10.5,0,0,0,0,20.5,0,0,0,11.8,0,0,0,1,6.4,6,19.1,0,0,6,-9999999,8.8,0,0,0,8.8,0,0,0,-9999999,0,-9999999,0,1.4,2.6,0.2,3.6,
05-Dec,0,0,0,0,19.2,14.4,4.8,0,0,0,0,0,0,0,7.1,6.8,8.2,20.7,0,0,17.2,-9999999,3.7,0,0,0,0,0,0,0,-9999999,0,-9999999,0,0.2,0,1.6,0,
06-Dec,0,0,0,0,0,12.3,16.1,0,0,0,0,0,0,0,0,12.2,10.1,8.3,0,0,0,-9999999,0,0,0,0,0,18.7,0,0,-9999999,0,-9999999,0,0,0,0,0,
07-Dec,0,0,0,0,0,0,0,0,0,0,0,0,0,19.5,0,6,10.6,2.1,0,0,0,-9999999,14.3,0,0,0,0,17.3,0,0,-9999999,0,-9999999,0,0,3.4,0,0,
08-Dec,0,0,0,0,0,0,0,0,0,0,0,0,0,0,33.4,0,0,0,0,0,0,-9999999,0,0,0,21.2,7.4,0,0,0,-9999999,0,-9999999,0,6,1,0,0.6,
09-Dec,13.2,13.4,0,0,0,3.1,0,0,0,17.8,0,0,0,0,0,0,0,0,2.4,0,0.7,-9999999,0,0,0,0,16,0,0,0,-9999999,0,-9999999,0,0,0,0,3.6,
10-Dec,0,0,0,0,0,0,0,9.7,0,1.5,0,0,0,0,2.2,31.6,0,0,0,0,0,-9999999,0,0,0,34.3,1,0,0,0,-9999999,0,-9999999,0,0,0,0.4,2.6,
11-Dec,0,8.5,0,0,0,0,0,20.1,0,0,0,35.4,0,30.1,1.1,12.6,0,0,0,0,0,-9999999,0,0,3.1,0,0,0,0,0,-9999999,0,-9999999,0,0,0,9.6,0,
12-Dec,13.3,0,0,0,0,0,0,0,9.8,0,0,34.7,4.1,9.2,0,13.3,0,0,0,0,0,-9999999,0,0,15.2,0,0,0,0,15.8,-9999999,0,-9999999,11.6,0,0,42.4,0,
13-Dec,9.5,0,0,0,0,0,0,0,0,0,0,0,0,0,0,8.1,0,0,0,0,0,-9999999,0,0,0,0,0,0,0,0,-9999999,0,-9999999,0,0,0,26.6,0,
14-Dec,10.5,0,0,0,0,0,0,0,3.2,0,0,0,0,11.8,0,0,0,0,0,0,0,-9999999,0,0,6.3,10.4,0,0,0,0,-9999999,0,-9999999,0,0,0.4,0,0,
15-Dec,0,0,0,0,0,0,0,0,0,0,0,0,0,0,0,0,0,0,28.7,0,0,-9999999,0,0,0,6.6,0,0,0,21,-9999999,0,-9999999,0,0,4.4,1,0,
16-Dec,0,0,0,0,0,0,0,0,0,0,0,18.8,0,0,0,20,0,0,32.2,0,0,-9999999,0,20.6,0,0,0,0,0,0,-9999999,0,-9999999,0,0,0,0,0,
17-Dec,5.4,3.1,16.3,0,0,0,0,0,0,0,0,21.6,0,0,0,14.2,0,0,40,0,0,-9999999,0,3.1,0,1.8,0,0,0,0,-9999999,0,-9999999,0,0,0,0,0,
18-Dec,0,8.9,15.4,0,0,7.2,0,0,0,0,0,0,0,0,0,0,0,0,0,0,5.3,-9999999,7.6,0,0,0,0,0,0,20,-9999999,0,-9999999,0,3.4,16.8,0,0,
19-Dec,12.4,0,15.5,0,0,0,0,0,0,0,0,20.3,0,0,0,0,0,0,0,0,0,-9999999,5.8,0,0,0,0,0,0,0,-9999999,0,-9999999,0,0,34.6,0,0,
20-Dec,11.8,0,0,0,3.2,0,0,0,0,0,0,22.7,0,0,0,0,0,0,0,0,0,-9999999,0,0,0,20,0,0,0,0,-9999999,0,-9999999,0,0,0,0,0,
21-Dec,0,0,0,0,0,0,0,0,0,0,0,26.4,0,0,0,0,0,0,0,0,0,-9999999,3.8,2.1,0,50.2,0,0,0,0,-9999999,0,-9999999,0,0,0,0,0,
22-Dec,0,0,0,0,6.3,0,0,0,0,0,0,20.1,0,0,0,0,0,0,0,0,0,-9999999,0,0,0,0,0,0,0,0,-9999999,0,-9999999,0,0,0,0,0,
23-Dec,0,0,0,0,0,0,0,0,0,0,0,20.3,5.3,0,0,0,0,0,0,0,19.2,-9999999,0,0,0,0,0,0,0,37,-9999999,0,-9999999,0,0,4.6,0,0.2,
24-Dec,0,0,10.6,0,0,0,0,0,0,0,0,20.5,7.4,0,0,0,0,0,0,0,0,-9999999,0,0,0,0,0,0,0,28,-9999999,0,-9999999,0,0,0.2,0,0.8,
25-Dec,0,0,6.9,0,0,0,5.7,0,0,0,0,20.7,0,0,0,0,0,0,0,0,11.2,-9999999,0,0,0,0,0,0,0,0,-9999999,0,-9999999,0,0,0,0,20.6,
26-Dec,0,0,0,0,0,0,0,0,0,0,0,20.6,0,0,0,0,0,0,0,0,0,-9999999,0,0,0,6.5,0,0,0,40,-9999999,9,-9999999,0,0,0.4,0,0,
27-Dec,0,0,0,0,0,0,24.4,0,0,0,0,0,17.5,0,0,0,0,0,0,0,9.7,-9999999,51.9,0,0,0,0,0,0,0,-9999999,5.6,-9999999,2.8,0.2,10.5,0,0,
28-Dec,0,0,8.7,0,0,0,0,0,0,0,0,0,0,0,0,0,0,0,0,0,0,-9999999,0,0,0,0,0,0,0,10,-9999999,13.5,-9999999,4.6,4.6,2.9,0,0,
29-Dec,0,0,0,0,4.6,0,0,0,0,0,0,0,7.6,0,0,0,0,0,0,0,0,-9999999,0,0,0,0,0,0,0,20,-9999999,11,-9999999,2.2,0,3.4,0,0,
30-Dec,0,0,0,0,0,0,0,0,0,0,0,0,6.2,0,0,0,0,0,0,0,0,-9999999,0,0,0,0,0,0,0,0,-9999999,6.3,-9999999,0,0,0,0,0,
31-Dec,0,0,0,0,0,0,0,0,16.4,0,0,0,0,0,0,19.5,0,0,28.5,0,7.2,-9999999,46.3,0,0,0,0,0,2.6,34,-9999999,3.5,-9999999,0,0,0,0,0,
