"","1981","1982","1983","1984","1985","1986","1987","1988","1989","1990","1991","1992","1993","1994","1995","1996","1997","1998","1999","2000","2001","2002","2003","2004","2005","2006","2007","2008","2009","2010","2011","2012","2013","2014","2015"
"1-Jan",0,0,0,0,0,0,0,0,0,0,0,0,0,0,0,0,0,0,0,0,0,0,0,0,0,0,0,0,0,0,0,0,0,0,0
"2-Jan",0,0,0,0,0,0,0,0,0,0,0,0,0,0,0,0,0,0,0,0,0,0,0,0,0,0,0,0,0,0,0,0,0,0,0
"3-Jan",0,0,0,0,0,0,0,0,0,0,0,0,0,0,0,0,0,0,0,0,0,0,0,0,0,0,0,0,0,0,0,0,0,0,0
"4-Jan",0,0,0,0,0,0,0,0,0,0,0,0,0,0,0,0,0,0,0,0,0,0,0,0,0,0,0,0,0,0,0,0,0,0,0
"5-Jan",0,0,0,0,0,0,0,0,0,0,0,0,0,0,0,0,0,0,0,0,0,0,0,0,0,0,0,0,0,0,0,0,0,0,0
"6-Jan",0,0,0,0,0,0,0,0,0,0,0,0,0,0,0,0,0,0,0,0,0,0,0,0,0,0,0,0,0,0,0,0,0,0,0
"7-Jan",0,0,0,0,0,0,0,0,0,0,0,0,0,0,0,0,0,0,0,0,0,0,0,0,0,0,0,0,0,0,0,0,0,0,0
"8-Jan",0,0,0,0,0,0,0,0,0,0,0,0,0,0,0,0,0,0,0,0,0,0,0,0,0,0,0,0,0,0,0,0,0,0,0
"9-Jan",0,0,0,0,0,0,0,0,0,0,0,0,0.597623288631439,0,0,0,0,0,0,0,0,0,0,0,0,0,0,0,0,0,0,0,0,0,0
"10-Jan",0,0,0,0,0,0,0,0,0,0,0,0,0.597623288631439,0,0,0,0,0,0,0,0,0,0,0,0,0,0,0,0,0,0,0,0,0,0
"11-Jan",0,0,0,0,0,0,0,0,0,0,0,0,0,0,0,0,0,0,0,0,0,0,0,0,0,0,0,0,0,0,0,0,0,0,0
"12-Jan",0,0,0,0,0,0,0,0,0,0,0,0,0,0,0,0,0,0,0,0,0,0,0,0,0,0,0,0,0,0,0,0,0,0,0
"13-Jan",0,0,0,0,0,0,0,0,0,0,0,0,0,0,0,0,0,0,0,0,0,0,0,0,0,0,0,0,0,0,0,0,0,0,0
"14-Jan",0,0,0,0,0,0,0,0,0,0,0,0,0,0,0,0,0,0,0,0,0,0,0,0,0,0,0,0,0,0,0,0,0,0,0
"15-Jan",0,0,0,0,0,0,0,0,0,0,0,0,0,0,0,0,0,0,0,0,0,0,0,0,0,0,0,0,0,0,0,0,0,0,0
"16-Jan",0,0,0,0,0,0,0,0,0,0,0,0,0,0,0,0,0,0,0,0,0,0,0.634167730808258,0,0,0,0,0,0,0,0,0,0,0,0
"17-Jan",0,0,0,0,0.939333915710449,0,0,0,0,0,0,0,0,0,0,0,0,0,0,0,0,0,0,0,0,0,0,0,0,0,0,0,0,0,0
"18-Jan",0,0,0,0,0,0,0,0,0,0,0,0,0,0,0,0,0,0,0,0,0,0,0,0,0,0,0,0,0,0,0,0,0,0,0
"19-Jan",0,0,0,0,0,0,0,0,0,0,0,0,0,0,0,0,0,0,0,0,0,0,0,0,0,0,0,0,0,0,0,0,0,0,0
"20-Jan",0,0,0,0,0,0,0,0,0,0,0,0,0,0,0,0,0,0,0,0,0,0,0,0,0,0,0,0,0,0,0,0,0,0,0
"21-Jan",0,0,0,0,0,0,0,0,0,0,0,0,0,0,0,0,0,0,0,0,0,0,0,0,0,0,0,0,0,0,0,0,0,0,0
"22-Jan",0,0,0,0,0,0,0,0,0,0,0,0,0,0,0,0,0,0,0,0,0,0,0,0,0,0,0,0,0,0,0,0,0,0,0
"23-Jan",0,0,0,0,0,0,0,0,0,0,0,0,0,0,0,0,0,0,0,0,0,0,0,0,0,0,0,0,0,0,0,0,0,0,0
"24-Jan",0,0,0,0,0,0,0,0,0,0,0,0,0,0,0,0,0,0,0,0,0,0,0,0,0,0,0,0,0,0,0,0,0,0,0
"25-Jan",0,0,0,0,0,0,0,0,0,0,0,0,0,0,0,0,0,0,0,0,0,0,0,0,0,0,0,0,0,0,0,0,0,0,0
"26-Jan",0,0,0,0,0,0,0,0,0,0,0,0,0,0,0,0,0,0,0,0,0,0,0,0,0,0,0,0,0,0,0,0,0,0,0
"27-Jan",0,0,0,0,0,0,0,0,0,0,0,0,0,0,0,0,0,0,0,0,0,0,0,0,0,0,0,0,0,0,0,0,0,0,0
"28-Jan",0,0,0,0,0,0,0,0,0,0,0,0,0,0,0,0,0,0,0,0,0,0,0,0,0,0,0,0,0,0,0,0,0,0,0
"29-Jan",0,0,0,0,0,0,0,0,0,0,0,0,0,0,0,0,0,0,0,0,0,0,0,0,0,0,0,0,0,0,0,0,0,0,0
"30-Jan",0,0,0,0,0,0,0,0,0,0,0,0,0,0,0,0,0,0,0,0,0,0,0,0,0,0,0,0,0,0,0,0,0,0,0
"31-Jan",0,0,0,0,0,0,0,0,0,0,0,0,0,0,0,0,0,0,0,0,0,0,0,0,0,0,0,0,0,0,0,0,0,0,0
"1-Feb",0,0,0,0,0,0,0,0,0,0,0,0,0,0,0,0,0,0,0,0,0,0,0,0,0,0,0,0,0,0,0,0,0,0,0
"2-Feb",0,0,0,0,0,0,0,0,0,0,0,0,0,0,0,0,0,0,0,0,0,0,0,0,0,0,0,0,0,0,0,0,0,0,0
"3-Feb",0,0,0,0,0,0,0,0,0,0,0,0,0,0,0,0,0,0,0,0,0,0,0,0,0,0,0,0,0,0,0,0,0,0,0
"4-Feb",0,0,0,0,0,0,0,0,0,0,0,0,0,0,0,0,0,0,0,0,0,0,0,0,0,0,0,0,0,0,0,0,0,0,0
"5-Feb",0,0,0,0,0,0,0,0,0,0,0,0,0,0,0,0,0,0,0,0,0,0,0,0,0,0,0,0,0,0.573871254920959,0,0,0,0,0
"6-Feb",0,0,0,0,0,0,0,0,0,0,0,0,0,0,0,0,0,0,0,0,0,0,0,0,0,0,0,0,0,0,0,0,0,0,0
"7-Feb",0,0,0,0,0,0,0,0,0,0,0,0,0,0,0,0,0,0,0,0,0,0,0,0,0,0,0,0,0,0,0,0,0,0,0
"8-Feb",0,0,0,0,0,0,0,0,0,0,0,0,0,0,0,0,0,0,0,0,0,0,0,0,0,0.931897461414337,0,0,0,0,0,0,0,0,0
"9-Feb",0,0,0,0,0,0,0,0,0,0,0,0,0,0,0,0,0,0,0,0,0,0,0,0,0,0,0,0,0,0,0,0,0,0,0
"10-Feb",0,0,0,0,0,0,0,0,0,0,0,0,0,0,0,0,0,0,0,0,0,0,0,0,0,0.798769295215607,0,0,0,0,0,0,0,0,0
"11-Feb",0,0,0,0,0,0,0,0,0,0,0,0,0,0,0,0,0,0,0,0,0,0,0,0,0,0,0,0,0,0,0,0,0,0,1.62215900421143
"12-Feb",0,0,0,0,0,0,0,0,0,0,0,0,0,0,0,0,0,0,0,0,0,0,0,0,0,0,0,0,0,0,0,0,0,0,0
"13-Feb",0,0,0,0,0,0,0,0,0,0,0,0,0,0,0,0,0,0,0,0,0,0,0,0,0,0,0,0,0,0,0,0,0,0,0
"14-Feb",0,0,0,0,0,0,0,0,0,0,0,0,0,0,0,0,0,0,0,0,0,0,0,0,0,0,0,0,0,0,0,0,0,0,0
"15-Feb",0,0,0,0,0,0,0,0,0,0,0,0,0,0,0,0,0,0,0,0,0,0,0,0,0,0,0,0,0,0,0,0,0,0,0
"16-Feb",0,0,0,0,0,0,0,0,0,0,0,0,0,0,0,0,0,0,0,0,0,0,0,0,0,0,0,0,0,0,0,0,0,0,0
"17-Feb",0,0,0,0,0,0,0,0,0,0,0,0,0,0,0,0,0,0,0,0,0,0,0,0,0,0,0,0,0,0,0,0,0,0,0
"18-Feb",0,0,0,0,0,0,0,0,0,0,0,0,0,0,0,0,0,0,0,0,0,0,0,0,0,0,0,0,0,0,0,0,0,0,0
"19-Feb",0,0,0,0,0,0,0,0,0,0,0,0,0,0,0,0,0,0,0,0,0,0,0,0,0,0,0,0,0,0,0,0,0,0,0
"20-Feb",0,0,0,0,0,0,0,0,0,0,0,0,0,0,0,0,0,0,0,0,0,0,0,0,0,0,0,0,0,0.592329204082489,0,0,0,0,0
"21-Feb",0,0,0,0,0,0,0,0,0,0,0,0,0,0,0,0,0,0,0,0,0,0,0,0,0,0,0,0,0,0,0,0,0,0,0
"22-Feb",0,0,0,0,0,0,0,0,0,0,0,0,0,0,0,0,0,0,0,0,0,0,0,0,0,0,0,0,0,0,0,0,0,0,0
"23-Feb",0,0,0,0,0,0,0,0,0,0,0,0,0,0,0,0,0,0,0,0,0,0,0,0,0,0,0,0,0,0,0,0,0,0,0
"24-Feb",0,0,0,0,0,0,0,0,0,0,0,0,0,0,0,0,0,0,0,0,0,0,0,0,0,0,0,0,0,0,0,0,0,0,0
"25-Feb",0,0,0,0,0,0,0,0,0,0,0,0,0,0,0,0,0,0,0,0,0,0,0,0,0,0,0,0,0,0,0,0,0,0,0
"26-Feb",0,0,0,0,0,0,0,1.60813319683075,0,0,0,0,0,0,0,0,0,0,0,0,0,0,0,0,0,0,0,0,0,0,0,0,0,0,0
"27-Feb",0,0,0,0,0,0,0,0,0,0,0,0,0,0,0,0,0,0,0,0,0,0,0,0,0,0,0,0,0,0,0,0,0,0,0
"28-Feb",0,0,0,0,0,0,0,0,0,0,0,0,0,0,0,0,0,0,0,0,0,0,0,0,0,0,0,0,0,0,0,0,0,0,0
"29-Feb",,,,0,,,,0,,,,0,,,,0,,,,0,,,,0,,,,0,,,,0,,,
"1-Mar",0,0,0,0,0,0,0,0,0,0,0,0,0,0,0,0,0,0,0,0,0,0,0,0,0,0,0,0,0,0,0,0,0,0,0
"2-Mar",0,0,0,0,0,0,0,0,0,0,0,0,0,0,0,0,0,0,0,0,0,0,0,0,0,0,0,0,0,0,0,0,0,0,0
"3-Mar",0,0,0,0,0,0,0,0,0,0,0,0,0,0,0,0,0,0,0,0,0,0,0,0,0,0,0,0,0,0,0,0,0,0,0
"4-Mar",0,0,0,0,0,0,0,0,0,0,0,0,0,0,0,0,0,0,0,0,0,0,0,0,0,0,0,0,0,0,0,0,0,0,0
"5-Mar",0,0,0,0,0,0,0,0,0,0,0,0,0,0,0,0,0,0,0,0,0,0,0,0,0,0,0,0,0,0,0,0,0,0,0
"6-Mar",0,0,0,0,0,0,0,0,0,0,0,0,0,0,0,0,0,0,0,0,0,0,0,0,0,0,0,0,0,0,0,0,0,0,0
"7-Mar",0,0,0,0,0,0,0,0,0,0,0,0,0,0,0,0,0,0,0,0,0,0,0,0,0,0,0,0,0,0,0,0,0,0,0
"8-Mar",0,0,0,0,0,0,0,0,0,0,0,0,0,0,0,0,0,3.95961213111877,0,0,0,0,0,0,0,0,0,0,0,0,0,0,0,0,0
"9-Mar",0,0,0,0,0,0,0,0,0,0,0,0,0,0,0,0,0,0,0,0,0,0,0,0,0,0,0,0,0,0,0,0,0,0,0
"10-Mar",0,0,0,0,0,0,0,0,0,0,0.58474212884903,0,0,0,0,0,0,0,0,0,0,0,0,0,0,0,0,0,0,0,0,0,0,0,0
"11-Mar",0,0,0,0,0,0,0,0,0,0,0,0,0,0,0,0,0,0,0,0,0,0,0,0,0,0,0,0,0,0,0,0,0,0,0
"12-Mar",0,0,0,0,0,0,0,0,0,0,0,0,0,0,0,0,0,0,0,0,0,0,0,0,0,0,0,0,0,0,0,0,0,0,0
"13-Mar",0,0,0,0,0,0,0,0,0,0,0,0,0,0,0,0,0,0,0,0,0,0,2.09928560256958,0,0,0,0,0,0,0,0,0,0,0,0
"14-Mar",0,0,0,0,0,0,0,0,0,0,0,0,0,0,0,0,0,0,0,0,0,0,0,0,0,0,0,0,0,0.619082868099213,0,0,0,0,0
"15-Mar",0,0,0,0,0,0,0,0,0,0,0,0,0,0,0,0,0,0,0,0,0,0,0,0,0,0,0,0,0,0.619082868099213,0,0,0,0,0
"16-Mar",0,0,0,0,0,0,0,0,0,0,0,0,0,0,0,0,0,0,0,0,0,0,0,0,0,0,0,0,0,0,0,0,0,0,0
"17-Mar",0,0,0,0,0,0,0,0,0,0,0,0,0,0,0,0,0,0,0,0,0,0,0,0,0,0,0,0,0,0,0,0,0,0,0
"18-Mar",0,0,0,0,0,0,0,0,0,0,0,0,0,0,0,0,0,0,0,0,0,0,0,0,0,0,0,0,0,0,0,0,0,0,0
"19-Mar",0,0,0,0,0,0,0,0,0,0,0,0,0,0,0,0,2.59343409538269,0,0,0,0,0,0,0,0,0,0,0,0,0,0,0,0,0,0
"20-Mar",0,0,0,0,0,0,0,0,2.57188010215759,0,0,0,0,0,0,0,0,0,0,0,0,0,0,0,0,0,0,0,0,0,0,0,0,0,0
"21-Mar",0,0,0,0,0,0,0,0,2.56640076637268,0,0,0,0,0.934938728809357,0,0,0,0,0,0,0,0,0,0,0,0,0,0,0,0,0,0,0,0,0
"22-Mar",3.78538155555725,0,0,0,0,0,0,0,0,0,0,0,1.43694770336151,0,0,0,2.7267632484436,0,0,0,0,0,0,0,0,0,0,0,0,0,0,0,0,0,0
"23-Mar",0,0,0,0,0,0,0,0,0,0,0,0,2.87389540672302,0,0,0,0,0,0,0,0,0,0,0,0,0,0,0,0,0,0,0,0,0,0
"24-Mar",0,0,0,0,0,0,0,0,0,0,0,0,1.43694770336151,0,0,0,0,0,0,0,0,0,0,0,0,0,0,0,0,0,0,0,0,0,0
"25-Mar",0,0,0,0,0,0,0,0,0,0,0,0,0,0,0,0,0,1.24258100986481,0,0,0,0,0,0,0,0,0,0,0,0,0,0,0,0,0
"26-Mar",0,0,0,0,0,0,0,0,0,0,0,0,0,0,0,1.67445528507233,0,0,0,0,0,0,0,0,0,0,0,0,0,0,0,0,0,0,0
"27-Mar",0,0,0,5.32271289825439,0,0,0,0,0,0,0,0,0,0,0,3.34891057014465,0,0,0,0,0,0,0,0,0,0,0,0,0,0,0,0,0,0,0
"28-Mar",0,0,0,0,4.38908720016479,0,0,0,0,2.3299286365509,0,0,0,3.07960724830627,0,0,0,0,0,0,0,0,0,0,0,0,0,0,0,0,0,0,0,0,0
"29-Mar",0,0,0,0,0,0,0,0,0,4.18550062179565,0,0,0,0,0,0,0,0,0,0,0,0,0,0,0,0,0,0,0,0,0,0,0,0,0
"30-Mar",0,0,0,0,0,0,0,2.56455636024475,0,0,0,0,0,3.07960724830627,2.57477402687073,0,0,0,2.58124685287476,0,0,0,0,0,0,0,0,0,2.83093643188477,0,0,0,0,0,0
"31-Mar",0,0,0,0,0,0,0,2.56455636024475,0,0,4.5709662437439,0,0,0,2.57477402687073,0,0,0,2.58124685287476,0,0,0,0,0,0,0,0,0,0,2.00180053710938,0,0,0,0,0
"1-Apr",0,0,0,0,0,0,0,0,0,0,0,0,0,0,0,0,0,0,0,0,0,0,0,2.78789329528809,0,0,0,0,0,0,0,0,0,0,0
"2-Apr",0,0,0,0,0,0,0,0,0,0,0,0,0,0,0,0,0,0,0,0,0,0,0,0,0,0,0,0,0,0,0,0,0,0,0
"3-Apr",0,0,0,0,0,0,0,0,0,8.19432640075684,0,0,0,0,0,0,0,0,0,0,0,3.46473789215088,0,0,0,0,0,0,0,0,0,0,0,0,0
"4-Apr",0,0,0,0,0,0,0,0,0,2.29441094398499,0,0,0,0,0,0,0,0,0,0,0,0,0,0,0,0,0,0,0,0,0,0,0,0,0
"5-Apr",0,0,0,0,0,0,0,0,0,0,0,0,0,0,0,0,0,0,0,0,0,0,0,0,0,0,0,0,0,0,0,0,0,0,0
"6-Apr",0,0,0,0,0,0,0,0,0,0,2.8758373260498,0,0,0,0,0,0,0,0,0,0,0,0,0,0,0,0,0,0,0,0,0,0,0,0
"7-Apr",0,0,0,0,0,0,0,0,0,0,0,0,0,0,0,0,0,0,0,0,0,0,0,8.63103199005127,0,0,0,0,0,0,0,0,0,0,0
"8-Apr",0,0,0,0,2.16384649276733,0,0,0,0,0,0,0,0,0,6.20854663848877,0,0,0,0,0,0,0,0,0,0,0,0,0,0,0,0,0,0,0,0
"9-Apr",0,0,0,0,0,0,0,0,0,0,0,0,0,0,0,0,0,0,0,0,0,0,0,0,0,0,0,0,0,0,0,21.4389724731445,0,0,0
"10-Apr",0,5.31570291519165,0,0,0,0,3.34743642807007,0,0,0,0,0,0,0,0,0,0,0,0,0,1.05161798000336,0,0,0,0,0,0,0,0,0,0,0,0,0,0
"11-Apr",0,0,0,0,0,0,3.65637826919556,0,0,0,0,0,0,0,0,0,0,0,0,0,0,0,0,0,4.46972560882568,0,0,0,0,0,0,0,0,0,0
"12-Apr",5.23562288284302,0,0,0,0,0,1.21879267692566,0,0,0,0,0,0,0,0,0,0,0,0,0,0,0,0,0,0,0,0,0,0,0,0,0,0,0,0
"13-Apr",5.23562288284302,0,8.37201118469238,0,0,0,0,0,0,0,0,0,0,0,0,6.96574449539185,0,0,0,0,0,0,0,0,0,0,0,0,0,0,0,0,0,0,0
"14-Apr",0,0,0,0,0,0,0,0,0,0,0,0,0,0,0,0,0,0,5.38566970825195,0,0,0,0,0,0,0,11.0784664154053,0,0,0,0,0,0,0,8.1082878112793
"15-Apr",0,0,0,0,0,0,0,3.67927193641663,0,0,0,0,0,0,0,0,0,0,6.15505218505859,0,0,0,0,0,0,0,0,0,0,0,0,0,0,0,0
"16-Apr",5.17258358001709,0,0,0,0,0,0,0,0,0,0,0,0,0,0,0,0,0,5.66173982620239,0,0,0,0,2.32207560539246,0,0,0,0,2.09604072570801,3.31801390647888,0,0,0,0,0
"17-Apr",0,0,0,0,0,0,0,0,0,0,0,0,0,0,0,0,0,0,0,0,0,0,0,0,0,1.97838747501373,0,0,0,0,0,0,0,0,0
"18-Apr",0,5.44360494613647,0,0,0,0,0,0,0,0,0,0,0,0,0,0,0,0,0,0,0,0,0,0,0,0,0,0,0,0,0,0,0,0,0
"19-Apr",0,0,0,0,0,0,0,0,0,0,0,0,0,0,0,0,4.44917726516724,0,0,0,0,0,0,0,6.89495420455933,0,0,0,0,0,0,0,0,0,0
"20-Apr",0,0,0,0,0,0,0,0,0,0,0,0,0,0,0,0,0,0,0,0,0,0,0,0,0,0,0,0,0,0,0,0,0,0,0
"21-Apr",0,0,0,0,0,0,0,0,0,0,0,0,0,0,0,0,0,6.15663146972656,0,0,0,0,0,0,2.97545194625854,0,0,0,0,0,0,0,0,3.00231695175171,0
"22-Apr",0,0,0,2.48637557029724,0,0,0,0,0,0,0,0,0,0,0,0,4.62786436080933,6.15663146972656,0,0,0,0,3.15336394309998,0,0,0,0,0,0,0,0,0,0,3.00231695175171,0
"23-Apr",0,0,0,1.24318778514862,0,0,0,0,0,0,0,0,0,0,0,0,4.62786436080933,7.03615045547485,0,0,0,2.9093599319458,0,0,0,0,0,0,0,0,6.19100332260132,0,0,0,0
"24-Apr",5.31567287445068,0,0,4.97275114059448,0,0,0,0,0,0,0,3.30800986289978,0,0,0,0,0,0,0,0,0,0,0,0,2.97545194625854,0,0,0,0,0,0,0,0,0,0
"25-Apr",0,0,0,7.4591269493103,0,0,0,0,0,0,0,0,0,0,0,0,9.25572872161865,0,0,0,0,0,0,0,0,0,0,0,0,0,0,0,0,0,0
"26-Apr",0,0,0,7.29022169113159,2.73590993881226,0,0,0,0,0,5.80968618392944,11.2949209213257,0,0,3.71767425537109,0,0,0,0,0,0,0,0,0,0,0,4.01639795303345,0,14.2061815261841,0,13.1547412872314,0,0,0,0
"27-Apr",0,0,0,0,0,0,0,0,0,0,5.80968618392944,0,0,0,0,4.71848392486572,0,0,6.86674690246582,0,0,0,0,0,0,0,0,0,0,0,0,0,0,0,0
"28-Apr",0,0,0,0,0,0,0,0,0,0,5.80968618392944,0,0,15.2057342529297,0,0,0,0,0,0,0,0,0,0,0,0,0,9.74085712432861,0,0,0,0,4.28243255615234,6.26540899276733,0
"29-Apr",0,0,0,0,0,4.79078483581543,13.6919374465942,12.7121829986572,0,0,23.2387447357178,0,13.8980484008789,0,0,0,0,0,0,24.3315296173096,6.50734710693359,0,0,0,4.84978199005127,30.5653228759766,0,9.74085712432861,0,3.13138103485107,0,0,2.17812442779541,0,0
"30-Apr",0,0,9.12857151031494,0,8.77377986907959,6.06832695007324,0,0,17.9873447418213,0,0,0,0,0,0,0,0,0,0,0,0,0,8.12183666229248,0,0,0,0,0,0,0,0,0,0,0,0
"1-May",32.986385345459,0,0,0,9.0539608001709,0,0,0,0,0,0,0,0,0,0,0,0,0,0,0,0,0,0,0,0,0,0,11.8208475112915,0,0,0,0,0,0,0
"2-May",0,0,5.95332717895508,0,9.0539608001709,0,0,0,0,0,19.6322708129883,0,0,25.4602565765381,0,0,0,8.79358863830566,0,15.4341402053833,0,0,0,0,0,0,0,0,0,3.92435646057129,0,0,0,0,0
"3-May",0,8.73044395446777,6.55294370651245,0,0,0,0,0,0,0,0,0,0,29.0974388122559,0,0,0,0,0,0,0,0,0,3.90147423744202,0,0,19.9256858825684,23.641695022583,0,3.92435646057129,0,0,0,0,0
"4-May",16.4931926727295,34.9217758178711,0,0,0,0,0,0,0,14.4630088806152,0,0,0,0,0,0,0,0,24.8484477996826,7.71707010269165,0,0,0,3.90147423744202,0,0,0,0,0,0,0,9.00885105133057,0,0,12.8745031356812
"5-May",16.4931926727295,0,0,0,0,0,0,0,0,0,0,0,0,0,0,0,0,0,0,0,0,0,0,0,0,0,0,0,13.7108926773071,3.92435646057129,0,9.00885105133057,0,0,0
"6-May",0,0,0,0,0,0,0,0,0,0,12.6222448348999,0,0,0,9.76154804229736,11.7093362808228,0,0,9.33144474029541,0,0,0,0,0,0,0,18.1102466583252,0,0,0,0,0,0,0,3.79722309112549
"7-May",0,0,8.52113437652588,0,0,0,0,0,7.27366733551025,0,0,0,0,22.2553577423096,0,11.7093362808228,0,0,27.9943370819092,0,7.25069665908813,0,0,0,0,8.22870540618896,18.1102466583252,0,0,0,0,19.8107662200928,27.3666172027588,0,3.79722309112549
"8-May",0,0,0,0,0,0,0,0,0,9.29561138153076,0,0,0,22.2553577423096,9.76154804229736,0,0,0,9.33144474029541,0,8.2865104675293,0,0,0,0,0,0,0,0,0,0,9.90538311004639,0,0,0
"9-May",0,7.64766025543213,0,0,0,0,0,0,0,0,0,0,0,0,9.76154804229736,0,0,0,9.33144474029541,0,0,0,6.52513933181763,0,0,0,0,0,0,0,11.8947858810425,0,0,13.2999582290649,0
"10-May",0,0,0,0,0,0,0,0,0,0,0,0,0,0,9.76154804229736,0,0,0,9.33144474029541,0,7.25069665908813,0,6.52513933181763,0,0,0,18.1102466583252,19.4676170349121,0,0,0,0,0,6.64997911453247,0
"11-May",0,0,0,0,0,0,0,0,26.604455947876,0,0,0,0,13.4211530685425,13.2715187072754,0,0,0,24.6157474517822,6.42710542678833,6.7855863571167,0,0,0,0,0,0,7.01788425445557,0,0,0,0,0,19.0500049591064,0
"12-May",0,0,0,0,0,0,0,0,13.302227973938,0,0,7.34401369094849,0,0,0,0,0,0,0,12.8542108535767,13.5711727142334,0,0,17.9360790252686,0,0,16.4341735839844,0,14.4157152175903,0,0,0,16.5059280395508,0,0
"13-May",0,12.6495237350464,0,0,0,0,0,9.17051219940186,0,0,0,0,0,0,0,0,0,0,0,0,7.75495624542236,9.38467216491699,11.2839117050171,0,0,19.5352573394775,0,7.01788425445557,0,0,9.97550106048584,0,0,0,10.8025197982788
"14-May",0,14.4565992355347,0,0,0,0,0,0,13.302227973938,0,0,0,0,13.4211530685425,11.6125783920288,0,0,0,0,0,0,18.769344329834,0,0,0,0,12.521276473999,35.0894203186035,0,0,19.9510021209717,0,16.5059280395508,0,0
"15-May",0,0,0,5.26258659362793,0,0,0,9.17051219940186,0,30.4152927398682,0,0,0,26.842306137085,0,9.47951507568359,0,0,12.3078737258911,6.42710542678833,0,9.38467216491699,12.8958988189697,0,0,19.5352573394775,10.9561157226562,16.0408802032471,0,0,0,0,0,0,0
"16-May",0,0,0,6.10063409805298,0,0,7.24911165237427,0,23.1002922058105,20.7307243347168,0,0,0,17.1942405700684,0,0,6.06403064727783,0,0,0,0,0,0,13.9220008850098,0,0,8.32340145111084,36.5954246520996,0,0,9.20649337768555,14.1886396408081,0,0,10.1643943786621
"17-May",12.6701536178589,0,0,3.46059417724609,8.46509647369385,0,0,83.3243255615234,0,0,0,0,0,0,40.4098854064941,0,0,0,0,0,0,23.8509178161621,13.7240829467773,0,0,0,16.6468029022217,0,0,0,18.4129867553711,0,0,3.66929078102112,0
"18-May",0,0,0,0,0,7.46668195724487,0,23.8069496154785,0,0,0,6.38235282897949,0,0,0,0,0,0,0,0,0,31.8012218475342,24.0171451568604,0,0,0,16.6468029022217,0,0,10.3755960464478,9.20649337768555,7.09431982040405,0,0,0
"19-May",0,0,0,0,0,0,0,11.9034748077393,0,0,0,19.1470603942871,0,0,0,26.6206836700439,24.2561225891113,31.0792980194092,0,17.7709732055664,0,23.8509178161621,24.0171451568604,41.7660026550293,0,0,16.6468029022217,18.2977123260498,0,20.7511920928955,9.20649337768555,0,0,0,30.4931831359863
"20-May",0,6.95143604278564,4.52631282806396,4.42385196685791,0,0,0,11.9034748077393,0,0,0,6.38235282897949,0,0,0,26.6206836700439,13.8606424331665,62.1585960388184,12.1117649078369,0,22.5305805206299,7.95030546188354,0,6.96100044250488,6.50820016860962,0,0,0,0,0,18.4129867553711,14.1886396408081,0,0,0
"21-May",7.00598955154419,0,0,0,8.42659091949463,10.4459085464478,0,0,0,6.90767574310303,0,5.84184598922729,12.7704792022705,0,0,13.611026763916,15.6250104904175,5.23449039459229,11.4877471923828,0,0,0,0,11.698130607605,0,0,12.6936883926392,0,0,6.21582221984863,14.0871820449829,0,0,5.04988861083984,0
"22-May",7.00598955154419,9.57208251953125,1.47477066516876,0,0,0,0,7.40318727493286,9.68794441223145,0,0,0,12.7704792022705,0,0,0,0,0,5.74387359619141,7.11874771118164,0,20.4139595031738,0,0,10.23863697052,12.8112497329712,12.6936883926392,0,0,0,0,8.13623714447021,0,0,13.169677734375
"23-May",7.00598955154419,4.78604125976562,0,0,4.21329545974731,9.14017009735107,0,7.40318727493286,0,20.7230262756348,0,0,0,0,0,20.416540145874,0,0,0,21.3562450408936,0,0,0,11.698130607605,0,19.2168750762939,0,0,17.8604907989502,6.21582221984863,14.0871820449829,8.13623714447021,0,0,0
"24-May",14.0119791030884,4.78604125976562,0,8.21592235565186,21.066478729248,9.14017009735107,0,7.40318727493286,0,0,0,0,0,0,0,13.611026763916,0,0,0,21.3562450408936,0,0,0,0,10.23863697052,6.4056248664856,0,0,0,37.2949333190918,0,0,0,0,0
"25-May",0,4.78604125976562,0,0,33.7063636779785,0,0,0,0,0,0,0,0,0,0,6.80551338195801,0,0,0,42.7124900817871,0,0,2.62078928947449,0,0,6.4056248664856,0,0,0,31.0791130065918,0,0,0,0,0
"26-May",12.05237865448,0,5.93623018264771,0,11.1580009460449,0,7.05055952072144,0,0,0,0,0,0,0,0,0,0,0,0,17.614049911499,4.48403453826904,0,0,0,0,0,0,0,4.60792016983032,0,0,0,0,0,0
"27-May",6.02618932723999,0,5.93623018264771,0,5.57900047302246,0,0,0,0,0,0,0,9.74917411804199,16.061882019043,0,12.6553707122803,0,20.166389465332,0,0,3.92353010177612,10.8013572692871,5.67332124710083,8.98047542572021,8.19678592681885,9.7792854309082,0,0,4.60792016983032,0,10.1421232223511,0,0,0,0
"28-May",0,0,17.8086891174316,0,0,0,0,0,6.99466848373413,0,0,0,9.74917411804199,16.061882019043,0,0,0,0,5.71533012390137,8.80702495574951,11.7705898284912,0,0,17.9609508514404,0,9.7792854309082,0,0,13.8237600326538,0,0,0,3.21209239959717,0,0
"29-May",0,9.48184776306152,0,7.97244501113892,0,0,7.05055952072144,0,13.9893369674683,11.0007658004761,0,0,29.247522354126,0,0,0,11.335955619812,13.444260597229,0,0,3.92353010177612,0,0,0,0,0,18.9811115264893,0,9.21584033966064,0,10.1421232223511,19.92942237854,0,15.6615133285522,0
"30-May",6.02618932723999,0,0,21.185661315918,0,0,7.05055952072144,7.09816265106201,0,0,0,0,19.498348236084,0,0,0,0,0,22.8613204956055,0,8.96806907653809,9.45118808746338,0,17.9609508514404,24.5903568267822,19.5585708618164,9.49055576324463,0,4.60792016983032,0,20.2842464447021,0,0,0,0
"31-May",6.02618932723999,0,0,8.17479133605957,0,0,0,0,6.99466848373413,11.0007658004761,12.6160621643066,0,38.996696472168,0,0,0,0,6.7221302986145,0,0,7.84706020355225,0,11.3466424942017,0,0,29.337854385376,0,21.9476795196533,9.21584033966064,0,0,0,0,0,3.85366559028625
"1-Jun",10.3408422470093,0,0,0,0,7.63541126251221,6.38337421417236,0,0,0,0,0,0,8.23346996307373,0,0,0,19.4304943084717,25.0207023620605,16.9047203063965,28.1423988342285,0,9.57960891723633,0,15.7773399353027,9.86539268493652,0,0,0,0,10.0274620056152,13.3488426208496,0,0,0
"2-Jun",20.6816844940186,7.96114206314087,0,23.8447532653809,9.97814559936523,0,12.7667484283447,0,0,0,12.3061685562134,14.8138933181763,37.8463859558105,8.23346996307373,0,0,0,0,16.6804676055908,0,28.1423988342285,0,19.1592178344727,0,5.25911283493042,0,0,13.6797723770142,0,0,0,0,0,0,0
"3-Jun",31.0225257873535,0,0,10.4320793151855,9.97814559936523,7.63541126251221,0,0,8.15235328674316,0,0,14.8138933181763,12.6154632568359,8.23346996307373,0,0,0,19.4304943084717,8.34023380279541,42.2618026733398,7.50463962554932,0,0,0,5.25911283493042,0,7.20143699645996,27.3595447540283,0,0,0,0,0,0,14.3292942047119
"4-Jun",10.3408422470093,0,9.68710899353027,0,9.97814559936523,7.63541126251221,12.7667484283447,0,8.15235328674316,13.6778831481934,0,7.40694665908813,0,0,0,0,0,9.71524715423584,8.34023380279541,16.9047203063965,0,6.32307577133179,9.57960891723633,0,5.25911283493042,4.93269634246826,0,6.83988618850708,0,7.65057992935181,5.01373100280762,0,3.4111430644989,0,0
"5-Jun",0,0,0,0,0,0,12.7667484283447,14.5920400619507,0,0,12.3061685562134,0,0,16.4669399261475,0,9.71251010894775,7.6778359413147,0,0,0,0,12.6461515426636,9.57960891723633,0,0,0,7.20143699645996,6.83988618850708,0,7.65057992935181,5.01373100280762,26.6976852416992,0,5.52078104019165,0
"6-Jun",0,7.13182020187378,0,8.87027263641357,0,0,7.58730697631836,12.1142873764038,9.90889930725098,24.2631130218506,0,0,0,12.6512460708618,0,0,0,0,0,0,0,10.4100341796875,19.5661907196045,0,7.67295551300049,0,0,0,0,0,0,0,10.4481935501099,11.2125778198242,0
"7-Jun",0,14.2636404037476,0,0,0,0,0,0,0,0,25.4299182891846,0,0,12.6512460708618,0,32.2068214416504,0,0,0,0,0,0,9.78309535980225,0,0,0,7.25902366638184,16.0012912750244,33.5843467712402,0,26.9682655334473,0,0,0,9.86305618286133
"8-Jun",0,7.13182020187378,0,0,0,11.3126001358032,15.1746139526367,0,9.90889930725098,0,8.47663974761963,13.4761714935303,0,12.6512460708618,0,10.7356071472168,0,0,0,0,0,0,0,0,15.345911026001,0,0,0,11.1947822570801,0,13.4841327667236,12.2581186294556,0,0,9.86305618286133
"9-Jun",0,0,11.2384576797485,0,0,11.3126001358032,0,0,9.90889930725098,24.2631130218506,25.4299182891846,0,9.73992824554443,12.6512460708618,0,0,0,15.5455522537231,0,0,15.7469663619995,10.4100341796875,9.78309535980225,21.0599136352539,7.67295551300049,0,7.25902366638184,0,0,0,26.9682655334473,12.2581186294556,10.4481935501099,22.4251556396484,0
"10-Jun",0,0,0,0,0,11.3126001358032,7.58730697631836,24.2285747528076,0,0,0,13.4761714935303,0,0,0,0,0,0,0,0,0,10.4100341796875,19.5661907196045,28.0798816680908,7.67295551300049,0,0,0,0,0,0,0,10.4481935501099,11.2125778198242,0
"11-Jun",0,0,45.7663383483887,14.5570344924927,0,0,26.0251693725586,0,0,0,0,0,0,16.2703418731689,0,9.70118808746338,0,0,10.8645486831665,0,0,0,10.0330038070679,41.857307434082,4.96842336654663,0,38.199291229248,0,0,0,0,0,7.24236536026001,0,0
"12-Jun",0,9.81498241424561,0,0,0,25.42724609375,7.59067392349243,0,0,0,0,0,0,0,0,9.70118808746338,0,0,0,0,0,6.45185947418213,10.0330038070679,20.928653717041,4.96842336654663,16.503978729248,12.7330980300903,0,0,7.34638023376465,0,19.1632823944092,7.24236536026001,0,0
"13-Jun",0,0,0,0,0,25.42724609375,0,0,0,0,0,0,0,0,16.1260662078857,0,0,0,10.8645486831665,7.37538480758667,21.1679840087891,6.45185947418213,10.0330038070679,20.928653717041,0,0,12.7330980300903,0,0,7.34638023376465,0,0,21.7270946502686,10.5233354568481,8.27866077423096
"14-Jun",13.4156770706177,0,0,0,10.078839302063,0,0,0,0,12.9244871139526,10.0490798950195,0,0,0,14.1103076934814,0,0,0,0,0,0,0,0,0,0,0,0,0,3.42905187606812,22.0391407012939,0,0,0,0,8.27866077423096
"15-Jun",0,0,11.4415845870972,0,10.078839302063,0,7.59067392349243,0,0,0,0,0,0,0,0,0,0,0,0,0,0,0,0,0,0,0,0,0,0,36.7319030761719,0,0,0,0,0
"16-Jun",0,26.4339466094971,0,0,0,13.8678045272827,0,0,0,0,0,0,10.2285594940186,0,0,0,0,0,0,9.90657329559326,16.0521240234375,8.08585071563721,0,7.79928684234619,0,0,0,0,12.7081727981567,0,0,7.19096612930298,0,6.61842250823975,0
"17-Jun",0,0,19.7682647705078,0,0,0,0,0,0,0,0,0,20.4571189880371,0,0,6.38255929946899,0,0,0,0,0,8.08585071563721,0,0,12.6174230575562,9.56359386444092,0,0,25.4163455963135,0,0,0,0,0,0
"18-Jun",26.2974739074707,0,0,38.5939979553223,29.4310989379883,0,0,0,18.8891048431396,0,0,0,51.1427955627441,0,14.0879764556885,31.9127960205078,0,0,0,9.90657329559326,0,0,12.5174436569214,0,0,19.1271877288818,0,18.537317276001,0,6.69660758972168,0,0,0,0,0
"19-Jun",0,0,0,12.8646678924561,0,0,0,0,0,0,0,0,0,0,14.0879764556885,31.9127960205078,30.643518447876,0,0,0,0,0,25.0348873138428,0,0,28.6907844543457,12.3374452590942,9.26865863800049,0,0,0,0,16.2502555847168,0,0
"20-Jun",0,0,0,7.35123872756958,0,0,0,0,0,0,0,0,0,0,0,12.765118598938,0,0,0,9.90657329559326,0,8.08585071563721,12.5174436569214,0,0,0,12.3374452590942,10.592752456665,0,0,0,0,5.41675186157227,0,0
"21-Jun",0,0,0,0,25.4605255126953,0,0,0,0,0,14.2216682434082,0,0,0,0,0,0,0,0,0,0,0,19.2108631134033,0,8.21348762512207,15.6815824508667,12.8684549331665,0,0,0,0,0,0,0,0
"22-Jun",0,0,0,0,12.7302627563477,0,0,0,0,14.4743719100952,0,0,15.7982606887817,0,0,0,0,0,0,0,0,0,0,0,8.21348762512207,15.6815824508667,0,0,0,18.0176811218262,0,0,0,0,0
"23-Jun",15.8826332092285,0,0,11.6035490036011,0,0,0,0,0,14.4743719100952,0,0,0,0,0,15.956223487854,0,0,0,0,0,13.5165166854858,0,0,0,0,0,0,0,0,8.83676815032959,0,0,0,0
"24-Jun",15.8826332092285,0,0,0,0,0,0,0,0,43.4231185913086,0,0,0,0,0,0,0,0,16.2209510803223,0,0,0,0,0,0,0,12.8684549331665,0,0,0,35.3470726013184,0,20.1990375518799,0,0
"25-Jun",0,0,0,0,0,0,0,27.5533924102783,0,0,0,27.6565551757812,0,0,0,0,28.140983581543,0,0,0,0,0,0,0,0,15.6815824508667,0,0,0,18.0176811218262,0,0,0,0,19.0638904571533
"26-Jun",0,0,0,9.80221557617188,0,0,0,14.1476221084595,0,18.974494934082,0,0,0,0,0,0,0,0,0,0,6.52580308914185,0,0,0,0,16.5169506072998,0,0,0,0,19.6646785736084,0,7.93427610397339,5.65235424041748,0
"27-Jun",0,0,0,0,0,0,0,0,0,0,0,0,0,0,0,0,0,0,0,0,0,0,0,0,5.79183149337769,0,19.3200607299805,0,12.3644933700562,0,0,0,0,0,0
"28-Jun",0,0,0,0,0,12.7938575744629,10.6735029220581,14.1476221084595,0,0,0,0,0,0,0,0,0,0,0,0,6.52580308914185,7.02042675018311,0,0,0,0,0,28.4536037445068,0,13.1696729660034,19.6646785736084,0,0,5.65235424041748,0
"29-Jun",0,0,0,0,0,25.5877151489258,0,0,0,0,0,0,15.7021951675415,0,0,0,0,0,0,0,6.52580308914185,0,0,0,0,0,0,0,0,6.58483648300171,9.8323392868042,0,0,0,0
"30-Jun",0,0,0,0,0,0,7.01491022109985,0,0,0,0,0,0,0,0,0,0,0,0,0,6.52580308914185,0,0,0,0,0,0,0,0,6.58483648300171,9.8323392868042,0,0,0,0
"1-Jul",0,39.4242744445801,0,0,0,0,0,0,0,0,0,14.0155410766602,0,45.6199760437012,13.5288972854614,0,0,0,0,0,41.7264213562012,0,0,0,0,0,0,0,0,0,0,0,0,0,0
"2-Jul",0,19.71213722229,0,0,0,0,0,0,0,0,0,0,0,0,0,0,0,38.370662689209,30.4992866516113,0,0,22.4097461700439,0,0,0,0,0,0,0,33.1104125976562,0,0,0,0,0
"3-Jul",0,0,16.5836219787598,6.34235572814941,0,0,0,0,0,0,0,14.0155410766602,0,0,23.6755676269531,0,0,0,0,0,0,0,0,0,0,0,0,0,0,0,19.4825744628906,0,0,9.99465656280518,0
"4-Jul",0,0,16.5836219787598,4.62405204772949,0,0,0,14.2505960464478,0,0,0,0,0,0,13.5288972854614,0,15.0565748214722,0,0,27.4370002746582,0,0,0,16.1707038879395,0,0,0,0,0,0,0,18.0487575531006,0,9.99465656280518,0
"5-Jul",16.1507511138916,0,0,4.33068323135376,0,0,0,14.2505960464478,21.0975894927979,0,0,0,0,0,0,0,15.0565748214722,0,0,0,0,0,0,16.1707038879395,0,25.5294017791748,0,0,48.3569793701172,0,0,0,0,0,0
"6-Jul",9.75087356567383,0,0,0,18.1125335693359,0,0,0,12.9441738128662,0,0,0,0,0,0,0,23.7297058105469,0,0,0,0,13.8258333206177,0,0,0,0,0,18.8267936706543,0,0,0,0,27.6214008331299,0,0
"7-Jul",0,0,0,0,0,0,0,0,12.9441738128662,21.1142559051514,0,0,0,0,0,0,18.9392032623291,0,18.4174976348877,0,0,7.90047645568848,0,0,0,0,0,18.8267936706543,0,0,0,0,0,0,20.7015991210938
"8-Jul",0,11.7291240692139,0,0,0,0,0,0,0,0,0,0,0,0,0,0,0,0,0,0,0,0,0,0,0,0,0,18.8267936706543,0,0,24.7719440460205,0,0,26.555908203125,10.3507995605469
"9-Jul",0,11.7291240692139,0,10.017894744873,0,0,0,16.3515491485596,0,0,0,0,24.8117904663086,0,0,0,0,0,0,0,0,7.90047645568848,0,0,0,0,0,0,0,0,0,26.8359203338623,0,26.555908203125,0
"10-Jul",0,0,17.3082103729248,0,0,17.4213409423828,0,0,0,0,24.7669620513916,0,0,0,0,0,0,0,0,0,0,0,17.3638153076172,0,0,0,0,0,0,15.7117338180542,0,0,0,0,0
"11-Jul",0,0,0,0,0,30.6112327575684,0,8.40211868286133,10.8297605514526,0,0,0,0,0,0,0,15.4712753295898,0,0,0,0,0,13.3195581436157,0,0,10.8767929077148,0,0,0,0,0,0,0,0,0
"12-Jul",0,0,21.9796848297119,2.68615031242371,0,0,0,16.8042373657227,21.6595211029053,19.4847507476807,0,0,0,0,12.0698137283325,0,0,0,0,0,0,0,0,0,13.320460319519,0,0,0,0,0,0,0,4.70827960968018,0,0
"13-Jul",0,0,0,4.34038734436035,11.6784315109253,0,0,8.40211868286133,0,0,0,0,22.2520751953125,0,0,0,0,0,0,0,0,22.5269527435303,0,14.340295791626,39.9613838195801,0,0,12.8375577926636,19.3380489349365,0,0,0,0,0,0
"14-Jul",0,0,0,2.65122389793396,0,0,0,8.40211868286133,0,0,0,0,0,0,12.0698137283325,0,0,0,0,0,0,0,0,14.340295791626,13.320460319519,5.43839645385742,0,0,0,0,0,0,0,0,0
"15-Jul",0,0,10.989842414856,5.07701396942139,11.6784315109253,0,0,8.40211868286133,0,0,0,14.3425674438477,0,36.113468170166,0,0,0,0,0,0,21.4517517089844,0,0,0,0,0,0,0,0,0,10.1608142852783,0,0,0,11.5888366699219
"16-Jul",11.2228260040283,0,0,0,0,0,0,0,0,0,0,0,0,0,0,0,10.0260009765625,0,0,0,0,0,0,0,0,0,0,0,0,0,0,0,0,0,0
"17-Jul",5.61141300201416,0,0,4.22854375839233,0,0,0,0,0,0,15.50355052948,0,0,0,0,0,0,31.6396560668945,0,0,0,0,0,0,0,0,0,0,0,8.46596431732178,11.6385469436646,0,0,0,0
"18-Jul",0,0,0,4.22854423522949,8.94722175598145,0,0,0,14.2234411239624,0,15.50355052948,9.63704395294189,0,0,0,0,0,0,18.1229667663574,0,0,0,0,0,0,0,0,0,0,0,0,15.2696228027344,0,0,21.7753829956055
"19-Jul",0,0,13.5670766830444,0,8.94722175598145,0,0,0,0,0,0,0,15.0641098022461,0,0,0,0,0,9.06148338317871,0,0,0,0,0,22.1490211486816,0,0,0,0,25.397891998291,11.6385469436646,0,0,12.4374876022339,0
"20-Jul",9.81997203826904,0,0,0,0,18.3529281616211,27.3065414428711,0,0,0,0,9.63704395294189,0,0,0,0,10.0260009765625,0,0,0,0,0,0,0,0,0,54.399829864502,0,0,0,23.2770938873291,0,0,0,0
"21-Jul",4.89009523391724,0,0,3.43221950531006,0,0,0,0,0,14.0414962768555,0,0,0,0,16.199914932251,0,5.80953311920166,0,0,7.99460649490356,42.4172668457031,0,0,13.6097917556763,0,0,52.9465675354004,0,0,8.10364532470703,15.7553186416626,0,0,0,0
"22-Jul",0,0,0,3.77820897102356,0,0,0,0,0,0,0,0,0,0,0,0,5.80953311920166,0,0,15.9892129898071,0,28.1362247467041,26.4377899169922,6.80489587783813,30.9278354644775,0,0,0,0,0,0,2.63619589805603,0,0,10.6808233261108
"23-Jul",0,0,0,0,25.6032733917236,0,0,0,7.94855403900146,0,0,11.9128532409668,15.849157333374,0,0,0,26.5578651428223,0,0,0,0,0,0,20.4146881103516,10.3092784881592,0,0,17.0712699890137,0,8.10364532470703,0,7.90858793258667,6.57866191864014,0,0
"24-Jul",5.5886812210083,0,0,0,0,0,12.0196943283081,17.8617134094238,0,0,21.9239521026611,0,0,0,0,17.5701789855957,23.2381324768066,0,0,0,0,0,0,6.80489587783813,0,0,8.82442855834961,0,0,0,0,2.63619589805603,6.57866191864014,0,0
"25-Jul",4.89009523391724,0,0,0,0,18.1430683135986,36.05908203125,0,7.94855403900146,0,0,0,0,18.4807472229004,0,43.9254455566406,5.80953311920166,11.3447437286377,0,0,0,0,0,6.80489587783813,0,25.5205612182617,0,0,0,0,0,0,0,0,32.0424690246582
"26-Jul",4.5478310585022,0,0,0,16.7264289855957,0,0,0,0,0,0,0,0,0,17.9138031005859,34.8867073059082,0,8.26369476318359,0,0,0,8.17179107666016,0,0,0,40.7982482910156,0,39.3748588562012,0,0,0,16.2074146270752,0,0,10.4131622314453
"27-Jul",3.92476034164429,0,0,14.1929664611816,0,17.7350101470947,20.8903732299805,0,0,0,0,0,0,28.2253589630127,0,0,0,0,0,0,0,0,0,0,0,40.7982482910156,0,0,0,23.0138912200928,0,0,23.3358592987061,0,8.33052921295166
"28-Jul",4.19844532012939,0,18.5877094268799,0,0,17.7350101470947,0,0,0,0,0,12.6832447052002,0,0,8.95690155029297,0,0,0,0,0,0,24.5153732299805,0,23.3252696990967,0,40.7982482910156,0,0,0,0,12.6316318511963,8.1037073135376,0,0,14.578426361084
"29-Jul",6.90618133544922,0,0,0,8.36321449279785,0,0,0,37.5789985656738,0,0,6.3416223526001,18.0585651397705,0,0,0,0,0,0,22.4891662597656,0,0,11.5219659805298,0,0,0,0,0,0,23.0138912200928,0,0,15.5572385787964,0,16.6610584259033
"30-Jul",8.87438488006592,0,0,0,8.36321449279785,0,0,12.0891256332397,0,0,0,31.7081127166748,0,0,0,0,0,0,16.4719562530518,0,0,0,11.5219659805298,0,0,0,15.6337356567383,0,0,23.0138912200928,0,0,7.77861928939819,0,14.578426361084
"31-Jul",0,0,0,0,0,0,0,10.5779838562012,0,27.7606811523438,0,6.3416223526001,0,0,15.6745777130127,0,0,8.26369476318359,0,0,0,0,0,0,0,0,0,0,0,7.6712965965271,25.2632637023926,0,0,0,10.4131622314453
"1-Aug",0,14.8164072036743,9.51376342773438,0,0,11.5192594528198,0,0,0,0,8.67814350128174,0,0,27.6613464355469,7.33060741424561,0,0,0,0,0,9.01032733917236,6.65399742126465,0,16.7634258270264,13.2319717407227,0,0,0,7.76303434371948,0,9.16833782196045,0,0,0,11.9501390457153
"2-Aug",0,0,28.5412902832031,0,10.2128877639771,10.0793514251709,0,15.8873348236084,0,0,0,0,0,0,0,0,0,0,6.66785669326782,0,18.0206546783447,19.9619922637939,0,0,0,0,0,0,0,0,0,0,28.5087795257568,7.07634735107422,5.97506952285767
"3-Aug",0,0,19.0275268554688,0,0,20.1587028503418,8.93238639831543,0,0,14.5983819961548,0,0,0,0,14.6612148284912,0,0,0,6.66785669326782,9.6404972076416,9.01032733917236,13.3079948425293,41.4546241760254,0,0,6.38869953155518,0,0,0,5.48084783554077,0,0,0,0,0
"4-Aug",0,7.40820360183716,9.51376342773438,15.0696935653687,0,30.2380542755127,4.46619319915771,0,9.1524715423584,21.8975734710693,17.3562870025635,0,17.859203338623,0,0,0,13.0624465942383,0,0,0,0,0,0,0,0,0,5.96915769577026,10.5375680923462,0,21.9233913421631,0,0,0,0,0
"5-Aug",0,0,19.0275268554688,0,0,0,0,0,9.1524715423584,7.29919099807739,0,23.549690246582,0,0,0,0,0,0,13.3357133865356,0,0,0,0,0,0,0,0,0,0,0,0,0,0,14.1526947021484,0
"6-Aug",13.0969371795654,0,2.49430847167969,0,0,0,0,11.0427837371826,0,0,0,0,0,0,8.56322002410889,0,0,0,4.71221160888672,15.4024772644043,30.2875461578369,0,0,0,0,0,0,0,8.89333724975586,13.5292167663574,0,0,7.8837366104126,5.5698709487915,0
"7-Aug",0,0,7.48292541503906,13.5824222564697,0,0,5.56958532333374,0,0,0,0,0,0,0,0,0,0,0,18.8488464355469,0,22.7156600952148,0,0,0,0,0,0,0,0,5.91903257369995,0,0,0,0,9.13919067382812
"8-Aug",0,0,0,0,0,17.575511932373,5.56958532333374,0,8.85934448242188,0,0,0,0,0,0,0,12.4334392547607,0,28.2732677459717,0,7.57188653945923,0,0,14.7055253982544,0,8.87567710876465,0,19.9679908752441,0,5.91903257369995,0,0,15.7674732208252,5.5698709487915,20.8895778656006
"9-Aug",13.158543586731,0,0,0,0,0,0,0,0,0,0,0,0,0,0,0,0,0,14.1366338729858,0,0,0,0,0,0,17.7513542175293,18.2325439453125,6.65599727630615,0,0,5.99113464355469,0,23.6512088775635,0,0
"10-Aug",0,0,0,0,0,0,5.56958532333374,11.0427837371826,8.85934448242188,0,0,15.6472616195679,0,0,8.56322002410889,0,0,0,4.71221160888672,0,0,0,0,0,0,0,0,0,0,0,5.99113464355469,0,7.8837366104126,0,9.13919067382812
"11-Aug",23.7390251159668,0,8.60093021392822,0,0,0,0,8.95789432525635,0,0,0,8.12788486480713,0,0,7.69653749465942,0,10.6521682739258,0,13.3438310623169,0,9.85470676422119,0,0,0,0,0,7.13845682144165,7.8085150718689,0,0,0,0,0,0,0
"12-Aug",0,23.2642250061035,0,0,20.654993057251,0,7.21291828155518,8.95789432525635,0,0,0,8.12788486480713,0,0,0,0,21.3043365478516,0,0,0,43.1143379211426,0,0,0,33.7893409729004,0,0,7.8085150718689,0,12.1997289657593,8.44327640533447,0,11.5234289169312,0,0
"13-Aug",0,0,0,0,0,0,8.24333572387695,0,0,0,0,0,0,0,6.73446989059448,0,0,0,0,21.2113094329834,17.2457370758057,0,0,0,16.8946704864502,0,14.2769136428833,7.8085150718689,28.7690830230713,0,0,0,0,0,0
"14-Aug",0,0,0,0,0,0,0,0,17.3482856750488,0,0,0,0,0,0,0,0,0,0,0,9.85470676422119,0,0,0,0,0,0,0,0,0,0,0,11.5234289169312,0,19.7577800750732
"15-Aug",0,0,0,16.9216556549072,0,17.72287940979,0,8.95789432525635,0,0,0,8.12788486480713,0,0,7.69653749465942,0,0,0,0,0,0,0,0,0,0,18.2038536071777,0,0,0,6.09986448287964,8.44327640533447,0,0,0,0
"16-Aug",0,0,0,0,6.1742467880249,0,5.5143575668335,0,0,0,0,0,0,20.2499694824219,7.78363609313965,0,0,14.9559020996094,0,0,0,0,0,0,0,0,20.766622543335,0,0,0,26.4176597595215,0,0,10.9308300018311,5.75334310531616
"17-Aug",0,16.0567855834961,0,0,6.1742467880249,0,20.1126823425293,0,0,0,0,0,0,0,0,0,13.7168979644775,7.47795104980469,0,0,0,0,15.1710939407349,12.952522277832,0,0,6.92220783233643,0,0,6.03677225112915,13.2088298797607,0,0,10.9308300018311,0
"18-Aug",0,0,0,0,6.1742467880249,0,15.2330331802368,0,0,0,0,0,0,0,0,8.56374549865723,0,22.4338531494141,0,0,0,13.085765838623,0,0,0,11.8891468048096,0,16.6752891540527,0,0,0,0,0,0,0
"19-Aug",0,0,6.56963682174683,0,0,0,0,0,0,0,28.2274208068848,0,0,20.2499694824219,7.78363609313965,8.56374549865723,0,7.47795104980469,0,0,0,13.085765838623,0,0,0,5.94457340240479,6.92220783233643,0,0,6.03677225112915,6.60441493988037,0,0,0,5.75334310531616
"20-Aug",0,0,0,9.94270610809326,6.1742467880249,9.5170431137085,0,0,11.3680591583252,0,8.23299789428711,0,0,20.2499694824219,0,42.8187255859375,0,22.4338531494141,0,0,0,26.1715316772461,15.1710939407349,0,0,0,0,0,0,0,6.60441493988037,0,0,0,0
"21-Aug",0,20.2230587005615,14.6948099136353,0,0,0,0,0,18.8734607696533,0,0,0,0,0,0,0,0,36.2142715454102,0,0,0,24.2331371307373,17.9274616241455,0,0,11.8617544174194,0,0,10.950385093689,6.86954832077026,0,0,0,0,0
"22-Aug",24.1942176818848,0,0,7.0400767326355,0,0,5.52365636825562,0,0,0,0,0,0,44.9510192871094,0,0,0,0,9.37507247924805,9.3456449508667,0,9.23167133331299,0,0,0,0,5.93154859542847,0,0,6.86954832077026,0,66.3146667480469,0,0,7.13276529312134
"23-Aug",0,0,0,6.89272594451904,10.4036283493042,0,11.189380645752,0,0,0,10.825963973999,15.2724437713623,0,0,7.38624238967896,14.3227138519287,0,10.5624952316284,9.37507247924805,5.34036922454834,0,8.077712059021,0,0,0,0,0,0,5.47519254684448,0,0,0,0,0,0
"24-Aug",0,0,0,4.6824688911438,0,0,15.4571437835693,0,0,0,10.825963973999,0,0,0,0,14.3227138519287,22.0458889007568,0,0,0,0,0,17.9274616241455,0,0,0,11.8630971908569,0,10.950385093689,6.86954832077026,0,0,0,0,0
"25-Aug",0,0,7.34740495681763,0,0,10.7146158218384,12.2122793197632,0,14.3797798156738,0,0,0,0,0,7.53368616104126,7.16135692596436,11.0229444503784,10.5624952316284,0,4.67282247543335,0,8.077712059021,0,0,0,0,0,0,16.4255771636963,0,25.5752239227295,0,0,0,0
"26-Aug",0,0,10.055136680603,5.47344589233398,0,25.0473575592041,12.8882532119751,0,18.4325408935547,0,0,0,0,26.8834667205811,8.51223468780518,17.8655490875244,0,0,21.5556831359863,0,0,0,0,12.1277322769165,0,0,0,10.7854919433594,0,0,32.1877174377441,0,0,0,0
"27-Aug",0,0,0,6.31015110015869,0,0,0,0,0,0,12.7798881530762,0,0,13.4417333602905,8.51223468780518,17.8655490875244,18.4468555450439,0,0,9.70785427093506,0,29.3070545196533,0,12.1277322769165,0,0,0,0,0,11.7531805038452,10.7292394638062,0,0,19.5612258911133,0
"28-Aug",0,0,0,8.61806392669678,9.77966499328613,0,0,23.9935283660889,0,0,25.5597763061523,0,0,0,17.0244693756104,0,0,0,0,16.6420364379883,0,7.32676362991333,0,0,0,10.451060295105,17.2040328979492,10.7854919433594,9.64719295501709,0,21.4584789276123,0,0,0,0
"29-Aug",0,0,0,4.24627876281738,9.77966499328613,0,0,0,0,0,0,0,0,13.4417333602905,0,0,0,0,0,0,0,7.32676362991333,0,12.1277322769165,25.6019039154053,0,0,0,9.64719295501709,0,10.7292394638062,0,0,29.3418407440186,0
"30-Aug",0,0,0,3.97434902191162,0,0,0,0,0,0,0,20.6334323883057,33.2279243469238,13.4417333602905,0,0,0,0,10.7778415679932,0,0,8.37344455718994,0,0,25.6019039154053,0,8.60201644897461,0,9.64719295501709,23.5063610076904,0,0,0,29.3418407440186,0
"31-Aug",0,0,10.055136680603,0,0,0,0,0,0,67.1294479370117,0,0,58.148868560791,0,9.72826862335205,35.7310981750488,0,0,0,0,0,7.32676362991333,0,0,0,20.90212059021,0,0,19.2943859100342,0,0,0,25.245304107666,0,0
"1-Sep",8.08450126647949,18.0034408569336,15.46764087677,5.6898136138916,0,0,0,0,0,16.1414699554443,0,10.1623029708862,12.8505840301514,0,3.71556997299194,7.83791971206665,0,0,0,4.84893989562988,0,9.53096580505371,0,0,6.89456748962402,24.1264877319336,0,4.69813060760498,0,0,0,0,5.34511566162109,0,15.1041193008423
"2-Sep",0,24.0045871734619,23.2014617919922,0,7.44461488723755,0,0,0,0,0,0,10.1623029708862,19.2758750915527,0,3.10029649734497,23.5137596130371,0,0,0,4.84893989562988,0,0,0,0,0,0,0,9.39626121520996,0,4.54170942306519,0,0,0,22.5260562896729,0
"3-Sep",0,0,7.73382043838501,4.47373819351196,0,0,0,0,0,8.07073497772217,0,0,12.8505840301514,8.20936012268066,2.96356892585754,15.6758394241333,0,0,0,4.84893989562988,0,4.76548290252686,0,0,6.89456748962402,0,0,4.69813060760498,0,0,0,5.58618354797363,0,22.5260562896729,7.55205965042114
"4-Sep",8.08450126647949,6.00114679336548,0,0,0,4.33306550979614,0,7.87865447998047,0,8.07073497772217,0,0,19.2758750915527,0,0,0,0,0,0,0,6.22945833206177,9.53096580505371,0,0,0,0,7.52438497543335,0,0,0,0,22.3447341918945,0,0,0
"5-Sep",0,6.00114679336548,7.73382043838501,0,0,0,0,0,0,0,0,0,25.7011680603027,0,0,7.83791971206665,0,20.2910385131836,0,0,0,23.82741355896,0,0,13.789134979248,0,7.52438497543335,0,6.08031129837036,0,7.69896745681763,5.58618354797363,10.6902313232422,0,0
"6-Sep",9.38346862792969,0,8.35919570922852,0,0,9.5613956451416,0,5.03800821304321,0,0,0,0,6.58663749694824,5.10244846343994,0,0,12.3400802612305,19.3859272003174,29.4044361114502,0,0,20.8965320587158,0,10.3119974136353,7.79997825622559,0,0,15.1624126434326,0,0,0,20.7282466888428,0,0,0
"7-Sep",9.33191013336182,0,8.35919570922852,0,0,4.7806978225708,10.1788368225098,0,0,0,0,0,0,15.3073453903198,0,0,0,25.847900390625,0,0,7.05474615097046,0,0,0,0,0,0,10.1082754135132,14.3012828826904,0,14.1337890625,34.5470771789551,4.63661193847656,0,0
"8-Sep",10.0966796875,17.3772754669189,8.35919570922852,9.06352233886719,0,0,0,0,17.8807716369629,0,0,0,6.97182130813599,5.10244846343994,0,10.412938117981,0,6.46197509765625,0,2.65713334083557,0,10.4482660293579,0,0,17.8285236358643,0,0,0,0,0,14.1337890625,27.6376609802246,0,0,0
"9-Sep",6.82277727127075,15.6457319259644,8.35919570922852,6.94587755203247,8.74102115631104,4.7806978225708,5.81647872924805,0,35.7615432739258,6.49411153793335,6.09669494628906,0,6.39404582977295,0,6.16123867034912,0,0,0,7.35110902786255,0,0,0,16.9336166381836,41.247989654541,23.3999328613281,4.60483837127686,0,5.05413770675659,0,0,14.1337890625,0,9.27322387695312,0,0
"10-Sep",9.80452251434326,15.1046237945557,8.35919570922852,0,8.74102115631104,0,5.08941841125488,10.0760164260864,0,0,0,0,9.205885887146,10.2048969268799,0,0,0,0,7.35110902786255,0,12.3458061218262,0,59.2676620483398,41.247989654541,23.3999328613281,13.8145151138306,0,10.1082754135132,9.53418827056885,18.456636428833,0,0,0,0,9.11907958984375
"11-Sep",5.74921178817749,0,0,0,16.2544326782227,0,0,7.97172498703003,8.04291439056396,0,0,0,16.6891613006592,0,0,0,0,0,0,7.73291921615601,0,0,0,10.3219203948975,35.185546875,7.25503253936768,12.6717739105225,22.9041385650635,8.7425537109375,0,14.280611038208,6.56563329696655,0,0,4.26130867004395
"12-Sep",0,0,0,0,16.2544326782227,0,11.2216320037842,0,8.04291439056396,0,0,0,0,0,5.48581218719482,0,0,0,0,44.1881065368652,0,0,0,15.4828805923462,23.45703125,0,0,30.5388526916504,8.7425537109375,0,28.561222076416,0,16.1836090087891,0,12.7839260101318
"13-Sep",0,0,0,0,0,0,0,0,0,0,0,0,0,0,21.9432487487793,16.0753631591797,0,0,0,7.73291921615601,0,10.5119647979736,0,15.4828805923462,0,0,0,26.1761608123779,0,13.1565399169922,14.280611038208,0,21.578145980835,0,0
"14-Sep",0,0,0,0,8.12721633911133,0,0,7.97172498703003,0,0,0,0,0,0,27.4290618896484,32.1507263183594,0,0,0,0,19.7440891265869,10.5119647979736,30.2013988494873,10.3219203948975,0,14.5100650787354,0,0,8.7425537109375,13.1565399169922,0,6.56563329696655,10.7890729904175,0,0
"15-Sep",0,0,0,0,0,0,0,15.9434499740601,8.04291439056396,13.1738910675049,0,34.1935615539551,0,13.5411043167114,27.4290618896484,16.0753631591797,0,12.7055168151855,0,0,9.87204456329346,0,0,10.3219203948975,0,0,0,0,0,0,0,13.1312665939331,16.1836090087891,0,0
"16-Sep",2.83367133140564,0,0,0,13.6135473251343,0,0,7.14830541610718,0,18.450611114502,10.8266897201538,10.9539356231689,0,0,8.10188007354736,39.0172958374023,0,0,8.30574131011963,0,10.478588104248,0,0,6.52701425552368,0,19.7508602142334,15.3087730407715,0,0,0,0,0,19.6553802490234,0,5.50620651245117
"17-Sep",3.97127652168274,13.8182144165039,0,3.89438438415527,0,0,16.2481670379639,7.14830541610718,8.96972942352295,18.450611114502,0,0,7.41236591339111,9.30834197998047,0,9.75432395935059,0,14.5107049942017,18.9845542907715,0,0,26.8943862915039,0,13.0540285110474,10.6100091934204,13.1672401428223,22.9631576538086,0,0,0,0,0,0,3.5644805431366,16.5186195373535
"18-Sep",0,6.90910720825195,0,0,13.6135473251343,0,16.2481670379639,0,0,0,0,0,14.8247318267822,0,0,0,0,7.25535249710083,8.30574131011963,8.23036193847656,10.478588104248,35.8591804504395,0,13.0540285110474,0,0,34.9914779663086,0,0,11.5708465576172,0,0,0,3.5644805431366,27.5310325622559
"19-Sep",4.52973747253418,6.90910720825195,0,0,0,15.9202680587769,16.2481670379639,0,8.96972942352295,0,0,9.58469390869141,0,0,8.10188007354736,0,0,7.25535249710083,16.6114826202393,16.4607238769531,0,20.4909591674805,0,0,0,19.7508602142334,22.9631576538086,13.9335174560547,0,5.78542327880859,0,0,0,0,11.0124130249023
"20-Sep",4.86067724227905,0,7.44570398330688,5.46450090408325,0,21.2270259857178,8.12408351898193,14.2966108322144,8.96972942352295,0,0,19.1693878173828,22.237096786499,9.30834197998047,8.10188007354736,0,10.5039215087891,7.25535249710083,0,16.4607238769531,0,0,0,13.0540285110474,0,0,0,6.96675872802734,0,11.5708465576172,0,0,9.82769012451172,0,5.50620651245117
"21-Sep",16.5158004760742,0,0,3.88444852828979,0,0,0,0,0,0,0,29.8363285064697,0,0,0,0,7.9716625213623,13.430516242981,0,0,7.23398160934448,19.217679977417,0,15.431321144104,0,7.37093353271484,0,2.53141307830811,0,6.65052366256714,0,0,14.2515268325806,0,4.02489471435547
"22-Sep",8.25790023803711,0,0,6.29239320755005,0,0,11.9415988922119,6.83931970596313,0,0,0,13.0533924102783,0,0,0,0,0,0,0,14.7216596603394,0,14.6420431137085,21.3394527435303,0,0,0,2.86573243141174,0,0,0,7.21914100646973,0,14.2515268325806,0,0
"23-Sep",28.312801361084,0,0,2.43554258346558,12.9315624237061,0,0,6.83931970596313,0,0,0,0,14.9477949142456,0,0,0,0,0,0,14.7216596603394,0,0,0,0,0,0,0,0,0,6.65052366256714,0,0,7.12576341629028,0,0
"24-Sep",18.8752021789551,0,7.2524790763855,3.82925295829773,6.46578121185303,0,0,0,15.3093004226685,9.52628993988037,10.6082706451416,0,0,0,22.8481731414795,23.4502983093262,7.9716625213623,0,0,7.36082983016968,0,0,21.3394527435303,0,0,0,0,0,0,6.65052366256714,0,8.71027755737305,7.12576341629028,0,0
"25-Sep",0,9.10573291778564,0,3.58776831626892,0,0,0,0,0,19.0525798797607,0,0,14.9477949142456,20.7748165130615,0,0,7.9716625213623,0,9.27999401092529,14.7216596603394,28.9359264373779,6.40589332580566,10.6697263717651,6.75120306015015,14.1737089157104,22.1128005981445,0,0,16.4809894561768,6.65052366256714,0,8.71027755737305,0,0,0
"26-Sep",0,6.56835889816284,0,15.0620460510254,0,0,8.27561569213867,0,0,13.9211311340332,0,0,0,0,14.1662712097168,0,23.11643409729,6.62274265289307,0,0,0,0,11.3964653015137,0,15.0099697113037,8.03104019165039,0,0,18.8294849395752,0,0,6.01094627380371,0,0,0
"27-Sep",0,0,0,6.94554376602173,0,0,0,0,0,0,0,0,0,8.71692943572998,7.0831356048584,0,30.8219127655029,13.2454853057861,0,0,7.91113328933716,0,0,6.2720160484314,15.0099697113037,16.0620803833008,0,0,18.8294849395752,0,8.63505363464355,12.0218925476074,31.7255687713623,0,0
"28-Sep",8.12651824951172,0,17.5277671813965,6.46432685852051,0,0,0,0,0,0,0,0,0,8.71692943572998,0,11.1915273666382,0,0,0,20.3863258361816,7.91113328933716,0,0,6.2720160484314,15.0099697113037,24.0931224822998,0,0,9.4147424697876,0,25.9051609039307,12.0218925476074,23.7941761016846,0,4.05829906463623
"29-Sep",0,0,11.6851778030396,6.91346120834351,7.87845754623413,3.83044290542603,0,15.6059761047363,10.8613958358765,6.9605655670166,16.4605770111084,0,0,17.43385887146,0,0,7.70547819137573,0,7.65471649169922,11.8920240402222,0,0,0,6.2720160484314,7.50498485565186,16.0620803833008,12.4813251495361,0,0,13.7573299407959,17.2701072692871,0,0,7.50403881072998,0
"30-Sep",0,0,0,11.5491714477539,15.7569150924683,7.66088581085205,0,0,0,6.9605655670166,0,22.6753826141357,0,8.71692943572998,0,0,0,0,0,11.8920240402222,0,13.7645330429077,22.7929306030273,12.5440320968628,0,0,24.9626502990723,0,0,0,0,0,0,7.50403881072998,12.174898147583
"1-Oct",8.25619697570801,22.1914615631104,0,8.80447387695312,0,20.844539642334,22.442554473877,0,0,0,0,0,0,0,10.9057569503784,0,12.2967977523804,0,7.09646844863892,11.2790908813477,0,22.9124126434326,19.0040817260742,11.9031791687012,0,0,0,27.0665702819824,21.0655555725098,6.69250726699829,32.8844718933105,0,0,9.70260906219482,13.6678485870361
"2-Oct",8.25619697570801,0,22.9843330383301,17.6089477539062,0,0,0,0,7.56974983215332,0,0,0,0,0,21.8115139007568,13.2773761749268,12.2967977523804,0,14.1929368972778,0,0,0,6.33469295501709,11.9031791687012,0,0,16.525354385376,0,10.5327777862549,0,10.9614906311035,0,16.4516372680664,0,0
"3-Oct",0,0,0,0,12.5191850662231,10.422269821167,0,0,0,0,0,14.0959186553955,0,0,0,0,0,0,14.1929368972778,0,0,0,12.6693859100342,0,0,35.9921264648438,16.525354385376,9.02218914031982,52.6638870239258,13.3850145339966,0,0,0,0,6.83392429351807
"4-Oct",0,0,45.9686660766602,8.80447387695312,0,10.422269821167,11.2212772369385,14.3139429092407,15.1394996643066,0,0,14.0959186553955,0,0,0,26.5547523498535,0,0,0,0,0,0,0,0,8.57487678527832,31.4931087493896,24.7880306243896,0,10.5327777862549,0,21.922981262207,0,0,9.70260906219482,20.5017719268799
"5-Oct",0,0,0,0,0,31.266809463501,11.2212772369385,0,7.56974983215332,36.9255638122559,0,0,24.8813705444336,0,21.8115139007568,0,0,0,7.09646844863892,22.5581817626953,0,22.9124126434326,6.33469295501709,0,0,0,16.525354385376,0,0,6.69250726699829,21.922981262207,0,0,0,13.6678485870361
"6-Oct",0,0,0,0,0,6.77145195007324,14.5482349395752,0,51.9212760925293,30.0552196502686,0,0,0,23.1028175354004,0,0,24.6883296966553,0,0,0,0,13.0839595794678,15.4061422348022,0,0,0,40.9939651489258,0,0,47.2265892028809,15.753529548645,0,0,11.9904632568359,0
"7-Oct",0,0,0,0,0,0,0,0,0,0,0,0,0,0,23.0019664764404,0,12.3441648483276,10.7441339492798,0,4.73457670211792,13.1549081802368,0,15.4061422348022,0,0,15.7306709289551,0,0,0,28.3359565734863,7.87676477432251,0,12.743447303772,0,18.3184127807617
"8-Oct",0,0,33.252067565918,0,0,6.77145195007324,7.2741174697876,0,0,0,0,16.5965270996094,0,0,0,0,12.3441648483276,0,0,0,13.1549081802368,0,0,12.7255897521973,8.6545934677124,31.4613418579102,6.83232688903809,0,0,18.8906364440918,7.87676477432251,19.1587696075439,0,0,18.3184127807617
"9-Oct",0,0,22.1680431365967,0,0,27.085807800293,7.2741174697876,0,0,0,0,0,0,0,0,0,0,21.4882678985596,0,0,45.1025428771973,0,0,0,8.6545934677124,23.5960063934326,0,0,0,47.2265892028809,0,38.3175392150879,0,0,18.3184127807617
"10-Oct",0,21.4678916931152,0,0,0,0,0,21.7189159393311,0,0,22.6377754211426,0,0,0,0,0,0,0,0,0,0,0,0,0,0,15.7306709289551,0,0,0,9.4453182220459,15.753529548645,21.8957386016846,0,0,0
"11-Oct",0,14.362473487854,22.8251991271973,0,10.1209936141968,33.1877212524414,0,11.8107872009277,0,0,0,0,0,0,0,0,0,9.33779716491699,0,9.12013626098633,0,0,0,17.3483810424805,0,0,16.9626121520996,23.1652240753174,0,11.0259237289429,0,12.0759439468384,7.00491142272949,0,25.8752861022949
"12-Oct",2.63384675979614,0,0,0,0,0,0,11.8107872009277,0,0,34.2364349365234,0,0,0,0,0,0,9.33779716491699,5.96204090118408,13.6802043914795,0,0,0,0,0,0,16.9626121520996,11.5826120376587,9.76862525939941,22.0518474578857,22.0570335388184,0,0,0,0
"13-Oct",3.56279683113098,0,0,0,20.2419872283936,0,0,59.0539360046387,0,14.293794631958,0,0,0,0,0,0,0,28.013391494751,0,0,0,8.62933826446533,20.1025848388672,17.3483810424805,5.46375417709351,0,33.9252243041992,0,39.0745010375977,11.0259237289429,0,0,0,0,0
"14-Oct",2.41527080535889,0,0,0,10.1209936141968,0,0,11.8107872009277,26.9550132751465,0,0,0,0,0,0,0,0,0,11.9240818023682,0,0,8.62933826446533,30.1538772583008,26.0225696563721,10.927508354187,0,16.9626121520996,0,9.76862525939941,22.0518474578857,0,10.5664501190186,0,0,0
"15-Oct",0,14.362473487854,0,35.3091583251953,0,0,0,0,35.9400215148926,0,0,28.5992221832275,0,0,0,0,0,0,11.9240818023682,0,0,43.1466903686523,10.0512924194336,17.3483810424805,0,0,16.9626121520996,0,9.76862525939941,33.0777740478516,0,10.5664501190186,0,0,0
"16-Oct",0,0,0,0,0,0,0,29.8471698760986,35.554744720459,0,0,0,0,26.1587371826172,0,14.2638444900513,0,0,21.7637500762939,0,0,14.4234228134155,11.1472063064575,19.0174598693848,0,0,25.6475849151611,0,0,11.1141891479492,17.1238822937012,0,0,0,0
"17-Oct",20.1831645965576,0,0,0,50.3674736022949,0,0,0,17.7773723602295,0,16.5472717285156,0,0,29.8957023620605,0,0,0,0,10.881875038147,0,0,0,0,0,0,0,8.54919528961182,0,0,11.1141891479492,11.415922164917,0,0,18.5887680053711,0
"18-Oct",30.2747478485107,0,0,0,0,0,0,74.6179275512695,0,0,0,0,0,0,14.6080436706543,0,0,0,0,0,0,0,0,0,0,10.59459400177,0,0,0,22.2283782958984,0,0,0,0,0
"19-Oct",0,0,46.8982772827148,0,0,0,16.2131938934326,0,0,0,0,0,0,0,0,0,0,0,0,0,0,0,0,0,0,10.59459400177,0,0,0,44.4567565917969,45.663688659668,0,29.1969833374023,0,0
"20-Oct",0,0,0,0,0,0,0,0,0,0,0,0,12.6657695770264,0,0,0,0,0,0,0,0,0,11.1472063064575,0,6.68794822692871,0,0,0,0,44.4567565917969,22.831844329834,0,0,0,0
"21-Oct",0,0,0,0,0,0,0,0,0,29.1846466064453,0,32.360408782959,21.0317916870117,0,16.3317718505859,0,0,0,0,0,0,0,0,0,0,0,0,0,0,0,0,0,0,5.99750375747681,0
"22-Oct",0,0,0,0,0,0,0,0,0,0,0,108.194175720215,0,0,0,0,0,0,0,0,0,0,18.9427127838135,0,0,0,0,0,0,78.6562652587891,0,0,0,4.54495429992676,0
"23-Oct",13.9509401321411,0,0,0,0,0,0,0,0,0,0,15.9006319046021,0,0,0,0,0,0,0,0,0,18.1753177642822,0,0,0,0,0,36.4316940307617,0,52.4375114440918,0,0,0,0,0
"24-Oct",0,0,0,0,0,0,0,0,0,0,0,0,0,0,0,0,0,0,0,29.2100315093994,0,9.08765888214111,0,0,0,0,0,36.4316940307617,0,0,0,0,0,0,0
"25-Oct",0,0,0,0,0,0,0,0,0,0,0,0,0,0,0,39.4757308959961,0,0,0,14.6050157546997,0,0,0,0,0,0,0,0,0,0,0,0,0,0,0
"26-Oct",0,0,0,0,0,0,0,0,0,0,0,0,0,0,0,0,0,15.6504230499268,8.00545883178711,40.1290054321289,44.75390625,0,0,0,0,0,0,0,0,0,0,0,14.3345813751221,0,0
"27-Oct",0,0,0,0,0,0,0,0,0,0,0,0,0,0,0,0,0,0,16.0109176635742,35.1128807067871,0,0,0,0,22.7436828613281,0,0,0,0,31.7444458007812,0,14.7000036239624,98.2942733764648,0,0
"28-Oct",0,0,0,0,0,0,0,0,0,0,0,0,12.2840776443481,0,0,0,0,0,24.01637840271,0,67.1308670043945,0,0,0,22.7436828613281,0,0,0,0,0,0,0,28.6691627502441,0,0
"29-Oct",0,0,0,0,0,0,0,0,0,0,0,0,0,0,16.5440845489502,0,0,0,32.0218353271484,0,0,0,0,0,0,0,0,0,0,0,0,0,0,0,0
"30-Oct",3.31148076057434,0,0,0,0,0,0,0,0,0,0,0,24.5681552886963,0,0,37.4314270019531,0,31.3008460998535,0,0,51.1473236083984,0,0,0,0,0,0,0,0,0,0,0,0,0,0
"31-Oct",2.18894505500793,0,0,0,0,0,44.4211921691895,0,15.5069875717163,0,24.080940246582,0,0,0,0,0,0,0,0,0,22.376953125,0,0,0,68.2310485839844,0,0,0,0,0,0,0,0,0,25.2918891906738
"1-Nov",0,0,0,0,0,0,0,0,0,0,63.6849594116211,15.3055324554443,11.0931692123413,0,21.5518436431885,32.4477119445801,0,0,18.7434673309326,0,6.23162746429443,0,5.39366722106934,0,0,0,0,0,0,0,0,0,0,0,52.3819007873535
"2-Nov",0,0,0,0,0,0,0,0,0,7.1340479850769,0,0,0,0,0,0,0,3.76974368095398,18.7434673309326,0,6.43264818191528,45.9847526550293,0,0,0,0,4.88716125488281,0,0,0,0,0,0,0,0
"3-Nov",0,0,17.5695667266846,0,0,0,0,0,0,0,0,0,0,0,0,10.8159036636353,0,0,0,0,6.96870183944702,0,0,0,0,0,15.1865501403809,0,0,0,0,0,0,0,0
"4-Nov",0,0,0,0,0,0,0,0,0,21.4021434783936,0,0,0,0,0,0,0,0,0,0,0,0,0,3.73498845100403,0,0,0,0,0,7.6174955368042,0,0,0,32.9386367797852,0
"5-Nov",0,0,0,0,0,0,0,0,0,14.2680959701538,0,0,0,0,0,0,0,0,0,0,0,0,0,0,0,0,0,0,0,0,0,0,0,0,0
"6-Nov",0,0,0,0,0,0,0,0,0,0,0,0,0,0,0,0,28.2460975646973,0,0,0,0,0,0,4.20972967147827,18.8855113983154,15.4861717224121,0,3.64968061447144,0,0,0,0,0,0,0
"7-Nov",5.7097749710083,0,0,0,0,0,0,0,0,0,0,0,0,0,0,0,18.8307304382324,0,0,0,7.64448165893555,0,0,0,18.8855113983154,15.4861717224121,0,0,0,0,0,0,0,0,0
"8-Nov",0,0,14.6939859390259,0,0,0,0,0,0,0,0,0,0,0,0,0,0,0,0,0,0,0,0,0,18.8855113983154,0,0,0,0,0,0,0,0,0,0
"9-Nov",5.7097749710083,0,33.586254119873,0,0,23.2081184387207,33.482666015625,0,0,0,0,0,0,0,0,0,0,0,11.5853109359741,0,0,0,0,0,0,0,0,0,0,5.06739282608032,0,0,0,0,0
"10-Nov",19.9842109680176,0,16.7931270599365,0,0,23.2081184387207,0,0,0,27.985710144043,0,0,0,17.9480018615723,0,0,0,0,0,0,0,0,0,0,0,0,0,0,0,0,0,0,0,0,0
"11-Nov",3.36978912353516,0,0,0,0,0,12.1828966140747,0,0,0,0,0,0,0,0,0,0,0,0,0,0,0,0,0,0,0,0,0,0,0,0,0,0,0,0
"12-Nov",0,0,0,0,0,0,0,0,0,0,0,0,0,0,0,0,0,0,0,0,0,0,0,0,0,0,0,0,0,0,0,0,0,0,0
"13-Nov",0,26.0278511047363,0,0,0,0,0,0,0,0,0,0,0,0,0,0,0,0,0,0,0,11.6001281738281,0,0,0,0,0,0,0,0,0,0,0,0,0
"14-Nov",0,0,32.1571960449219,0,0,0,24.3657932281494,0,0,0,0,0,0,0,0,0,0,0,0,0,0,15.4668388366699,0,0,0,0,0,0,0,0,0,0,0,0,0
"15-Nov",0,0,0,0,0,0,0,0,0,0,0,0,0,0,0,0,0,0,0,0,0,0,0,0,0,0,5.42515087127686,0,0,0,0,4.94175624847412,0,0,0
"16-Nov",0,0,0,0,0,0,0,0,0,0,0,0,0,0,0,0,0,0,0,0,0,0,0,0,0,0,0,0,3.76787757873535,0,4.69511747360229,5.2116641998291,0,0,0
"17-Nov",0,0,0,0,0,0,0,35.0729179382324,0,0,0,0,0,0,0,0,0,0,0,0,0,0,0,0,0,0,0,0,0,0,0,0,0,0,0
"18-Nov",0,0,0,0,0,0,0,35.0729179382324,0,0,0,0,4.57905864715576,0,0,0,0,0,0,0,0,0,0,0,0,0,0,0,0,0,0,0,0,0,0
"19-Nov",9.92785739898682,0,0,0,38.1572265625,0,0,0,4.4882960319519,0,0,0,0,0,17.9430370330811,0,0,0,0,0,0,0,0,0,0,0,0,4.32490968704224,0,0,0,0,0,0,0
"20-Nov",24.0030708312988,0,0,0,38.1572265625,0,0,0,0,0,0,0,0,0,0,0,0,9.17397499084473,0,5.83022022247314,8.82054233551025,0,4.92939710617065,0,0,0,0,0,0,0,0,16.0815868377686,0,0,0
"21-Nov",0,0,0,0,0,0,0,0,0,0,0,52.0556259155273,0,0,0,0,0,6.46049404144287,0,4.304114818573,0,0,0,0,0,0,0,0,4.07854604721069,5.24669456481934,0,6.770263671875,0,0,0
"22-Nov",0,0,0,0,0,0,0,0,0,0,0,0,0,0,0,0,0,10.2422466278076,0,0,0,0,0,0,0,0,12.6609869003296,0,0,0,0,0,0,0,0
"23-Nov",2.4626476764679,0,0,0,0,0,0,0,0,0,0,0,0,0,15.4005899429321,0,0,0,0,0,0,0,0,0,0,0,7.82197141647339,0,0,0,0,0,0,0,0
"24-Nov",0,0,0,0,0,0,0,0,0,0,0,0,0,0,0,0,0,0,0,0,0,0,0,0,0,0,0,0,0,0,4.12584972381592,0,0,0,0
"25-Nov",0,0,0,0,0,0,0,0,9.37845516204834,0,0,0,4.07135725021362,21.2659759521484,46.2017669677734,0,0,0,0,0,0,0,0,0,0,0,0,0,0,0,0,0,11.4371433258057,0,0
"26-Nov",0,0,0,0,0,0,0,0,0,0,0,0,0,0,0,0,0,0,0,0,0,0,0,0,0,0,0,0,0,0,0,0,15.0303831100464,0,0
"27-Nov",0,0,0,0,0,0,0,0,0,0,0,0,0,0,0,0,0,0,0,0,0,0,0,0,0,0,0,6.03591060638428,8.57658100128174,0,0,0,0,0,0
"28-Nov",0,0,0,0,0,0,0,0,0,0,0,0,0,0,0,0,0,0,0,0,0,30.9504566192627,0,14.4817371368408,0,0,0,0,0,0,6.02315330505371,0,0,0,0
"29-Nov",0,0,0,0,0,0,0,0,6.82339525222778,0,0,0,0,0,0,0,0,0,0,8.63556480407715,0,0,4.36344194412231,0,0,0,0,0,0,0,0,0,0,0,0
"30-Nov",0,0,0,21.4901866912842,0,0,0,0,0,0,0,0,0,0,0,0,0,5.40645408630371,0,0,0,0,0,0,0,0,3.52976202964783,0,0,0,0,8.07280826568604,0,0,0
"1-Dec",0,0,0,0,0,0,4.34082078933716,0,4.17223215103149,0,0,4.1750955581665,0,0,0,6.80953407287598,0,0,0,0,0,0,0,0,0,0,0,0,0,0,0,0,0,0,
"2-Dec",0,0,0,0,0,0,0,0,0,0,0,3.19271993637085,0,3.27502465248108,0,0,0,0,0,0,0,0,0,0,0,0,0,0,0,0,0,0,0,0,
"3-Dec",0,0,0,0,0,0,0,0,0,0,0,0,0,0,0,0,0,0,0,0,0,0,0,0,0,0,0,0,0,0,0,0,0,0,
"4-Dec",0,0,0,0,0,0,0,0,0,0,0,0,0,0,0,0,0,0,0,0,0,0,0,0,0,0,4.56818628311157,0,0,0,0,0,0,0,
"5-Dec",0,0,0,0,0,0,0,0,0,0,0,0,0,0,0,0,0,0,0,0,0,5.75187253952026,0,0,0,0,0,0,0,0,0,0,0,0,
"6-Dec",0,0,0,0,0,0,2.98183917999268,0,0,0,0,0,0,0,0,0,0,0,0,0,0,0,0,0,0,0,0,0,0,0,0,0,0,0,
"7-Dec",0,0,0,0,0,0,0,0,0,0,0,0,0,0,0,0,0,0,0,0,0,0,0,0,0,0,0,0,0,0,0,0,0,0,
"8-Dec",0,0,0,0,0,0,0,0,0,0,0,0,0,0,0,1.26920127868652,0,0,0,0,0,0,0,3.29621410369873,0,0,0,0,0,0,0,0,0,0,
"9-Dec",0,0,0,0,0,0,0,3.85772323608398,0,0,0,0,0,0,0,0,0,0,5.08496761322021,0,0,0,0,0,3.93340063095093,0,0,0,0,0,0,0,0,0,
"10-Dec",0,0,0,0,0,3.50833821296692,0,4.05864667892456,0,0,0,0,0,0,0,0,6.33872509002686,0,2.83140230178833,0,0,0,0,0,0,0,0,0,0,11.9816932678223,0,0,0,0,
"11-Dec",0,0,0,0,0,3.76174187660217,0,0,0,0,0,0,0,0,0,0,1.57764494419098,0,0,0,0,3.0200207233429,0,0,0,0,0,0,0,0,0,0,0,0,
"12-Dec",0,0,0,0,0,0,0,0,0,0,8.95688629150391,0,0,0,0,0,0,0,0,0,0,0,0,0,0,0,0,0,0,0,0,0,0,0,
"13-Dec",0,0,0,0,0,0,0,0,0,0,0,0,0,0,0,0,0,0,0,0,0,0,0,0,0,0,0,0,0,0,0,0,0,0,
"14-Dec",0,0,0,0,0,0,0,0,0,0,0,0,0,0,0,0,0,0,0,0,0,0,0,0,0,0,2.48460078239441,0,0,0,0,0,0,0,
"15-Dec",3.87342262268066,0,0,0,0,0,0,0,0,0,0,0,0,0,0,0,0,0,0,0,0,0,0,0,0,0,0,0,0,0,0,0,0,0,
"16-Dec",0,0,0,0,0,0,0,0,3.74413800239563,0,0,0,4.28368186950684,0,0,0,0,0,0,0,0,0,0,0,0,0,0,0,0,0,0,0,0,0,
"17-Dec",0,0,0,0,0,0,0,0,0,0,0,0,0,0,0,0,0,0,0,0,0,0,0,0,0,0,0,0,0,0,0,0,0,0,
"18-Dec",0,0,0,0,0,0,0,0,0,8.80044651031494,0,0,0,0,0,0,0,0,0,0,0,0,0,0,0,0,0,0,0,0,0,0,0,0,
"19-Dec",0,3.54757380485535,1.74545955657959,0,0,0,0,0,0,0,0,0,0,0,0,0,0,0,0,0,0,0,0,0,0,0,0,0,0,0,0,0,0,0,
"20-Dec",0,0,0,0,4.06808710098267,0,0,0,0,0,0,0,0,0,0,0,0,0,0,0,0,0,0,0,0,0,0,0,0,0,0,0,0,0,
"21-Dec",0,0,0,0,0,0,0,0,0,0,0,0,0,0,3.60333275794983,0,0,0,0,0,0,0,0,0,0,0,0,0,0,0,0,0,0,0,
"22-Dec",3.90623426437378,3.72241973876953,0,0,0,0,0,0,0,0,0,0,0,0,0,0,0,0,0,0,2.8659393787384,0,0,0,0,0,0,0,0,0,0,0,0,0,
"23-Dec",0,0,0,0,0,0,0,0,0,0,0,0,0,0,0,0,0,0,0,0,3.66203379631042,0,0,0,3.11938643455505,0,0,0,0,0,0,0,0,0,
"24-Dec",0,0,0,2.34957456588745,0,0,0,0,0,0,0,0,3.6303231716156,0,0,0,0,3.83980846405029,0,0,0,0,0,0,0,0,0,0,0,0,0,0,0,0,
"25-Dec",0,0,0,4.44861841201782,0,0,0,0,0,0,0,0,0,0,0,0,0,0,0,0,0,0,0,0,0,0,0,0,0,0,0,0,0,0,
"26-Dec",0,0,0,0,0,0,0,0,0,0,0,0,0,3.99502372741699,0,0,0,0,0,0,0,0,0,0,0,0,0,0,0,0,0,0,0,0,
"27-Dec",0,0,6.16367530822754,0,0,0,0,0,0,0,0,0,0,0,0,0,0,0,0,0,0,0,0,0,0,0,0,0,0,0,0,0,0,0,
"28-Dec",0,0,0,0,0,0,0,0,0,0,0,0,0,0,0,0,0,0,0,0,0,0,0,3.18071842193604,0,0,0,0,0,0,0,0,0,0,
"29-Dec",0,0,0,0,0,0,0,0,0,0,0,0,0,0,0,0,0,0,0,0,0,0,0,0,0,0,0,0,0,0,0,0,0,0,
"30-Dec",0,0,0,0,0,0,0,0,0,0,0,0,0,0,3.66666722297668,0,0,0,0,0,0,0,0,0,0,0,0,0,0,0,0,0,0,0,
"31-Dec",0,0,0,0,3.84828281402588,0,0,0,0,0,0,0,0,0,0,0,0,4.07656145095825,0,0,0,0,0,0,0,0,0,0,0,0,0,0,0,0,
